truth,noise,policy,seed,round,experiments,best_true_viability,regret,truth_max,finalist_regret
GP fit to all 24,low (SEM 4.97),Random (feasible),0,0,6,50.251,19.963,70.215,
GP fit to all 24,low (SEM 4.97),Random (feasible),0,1,10,50.251,19.963,70.215,
GP fit to all 24,low (SEM 4.97),Random (feasible),0,2,14,50.251,19.963,70.215,
GP fit to all 24,low (SEM 4.97),Random (feasible),0,3,18,64.904,5.31,70.215,16.933
GP fit to all 24,low (SEM 4.97),GP greedy (exploit only),0,0,6,50.251,19.963,70.215,
GP fit to all 24,low (SEM 4.97),GP greedy (exploit only),0,1,10,52.445,17.769,70.215,
GP fit to all 24,low (SEM 4.97),GP greedy (exploit only),0,2,14,53.286,16.929,70.215,
GP fit to all 24,low (SEM 4.97),GP greedy (exploit only),0,3,18,53.286,16.929,70.215,17.769
GP fit to all 24,low (SEM 4.97),"GP-UCB, kappa 2 (batch)",0,0,6,50.251,19.963,70.215,
GP fit to all 24,low (SEM 4.97),"GP-UCB, kappa 2 (batch)",0,1,10,53.282,16.933,70.215,
GP fit to all 24,low (SEM 4.97),"GP-UCB, kappa 2 (batch)",0,2,14,53.442,16.773,70.215,
GP fit to all 24,low (SEM 4.97),"GP-UCB, kappa 2 (batch)",0,3,18,53.442,16.773,70.215,17.418
GP fit to all 24,low (SEM 4.97),GP-EI (batch),0,0,6,50.251,19.963,70.215,
GP fit to all 24,low (SEM 4.97),GP-EI (batch),0,1,10,53.438,16.777,70.215,
GP fit to all 24,low (SEM 4.97),GP-EI (batch),0,2,14,53.44,16.775,70.215,
GP fit to all 24,low (SEM 4.97),GP-EI (batch),0,3,18,69.005,1.21,70.215,7.925
GP fit to all 24,low (SEM 4.97),Four-role policy (deployed),0,0,6,50.251,19.963,70.215,
GP fit to all 24,low (SEM 4.97),Four-role policy (deployed),0,1,10,53.282,16.933,70.215,
GP fit to all 24,low (SEM 4.97),Four-role policy (deployed),0,2,14,69.846,0.369,70.215,
GP fit to all 24,low (SEM 4.97),Four-role policy (deployed),0,3,18,69.853,0.361,70.215,1.032
GP fit to all 24,low (SEM 4.97),Random (feasible),1,0,6,66.49,3.725,70.215,
GP fit to all 24,low (SEM 4.97),Random (feasible),1,1,10,66.49,3.725,70.215,
GP fit to all 24,low (SEM 4.97),Random (feasible),1,2,14,66.49,3.725,70.215,
GP fit to all 24,low (SEM 4.97),Random (feasible),1,3,18,70.205,0.01,70.215,0.01
GP fit to all 24,low (SEM 4.97),GP greedy (exploit only),1,0,6,66.49,3.725,70.215,
GP fit to all 24,low (SEM 4.97),GP greedy (exploit only),1,1,10,66.49,3.725,70.215,
GP fit to all 24,low (SEM 4.97),GP greedy (exploit only),1,2,14,66.49,3.725,70.215,
GP fit to all 24,low (SEM 4.97),GP greedy (exploit only),1,3,18,68.733,1.481,70.215,2.373
GP fit to all 24,low (SEM 4.97),"GP-UCB, kappa 2 (batch)",1,0,6,66.49,3.725,70.215,
GP fit to all 24,low (SEM 4.97),"GP-UCB, kappa 2 (batch)",1,1,10,67.322,2.893,70.215,
GP fit to all 24,low (SEM 4.97),"GP-UCB, kappa 2 (batch)",1,2,14,69.051,1.163,70.215,
GP fit to all 24,low (SEM 4.97),"GP-UCB, kappa 2 (batch)",1,3,18,69.051,1.163,70.215,1.52
GP fit to all 24,low (SEM 4.97),GP-EI (batch),1,0,6,66.49,3.725,70.215,
GP fit to all 24,low (SEM 4.97),GP-EI (batch),1,1,10,66.49,3.725,70.215,
GP fit to all 24,low (SEM 4.97),GP-EI (batch),1,2,14,68.7,1.514,70.215,
GP fit to all 24,low (SEM 4.97),GP-EI (batch),1,3,18,69.188,1.027,70.215,1.201
GP fit to all 24,low (SEM 4.97),Four-role policy (deployed),1,0,6,66.49,3.725,70.215,
GP fit to all 24,low (SEM 4.97),Four-role policy (deployed),1,1,10,66.49,3.725,70.215,
GP fit to all 24,low (SEM 4.97),Four-role policy (deployed),1,2,14,69.165,1.05,70.215,
GP fit to all 24,low (SEM 4.97),Four-role policy (deployed),1,3,18,69.165,1.05,70.215,1.163
GP fit to all 24,low (SEM 4.97),Random (feasible),2,0,6,68.773,1.442,70.215,
GP fit to all 24,low (SEM 4.97),Random (feasible),2,1,10,68.773,1.442,70.215,
GP fit to all 24,low (SEM 4.97),Random (feasible),2,2,14,68.773,1.442,70.215,
GP fit to all 24,low (SEM 4.97),Random (feasible),2,3,18,68.773,1.442,70.215,1.442
GP fit to all 24,low (SEM 4.97),GP greedy (exploit only),2,0,6,68.773,1.442,70.215,
GP fit to all 24,low (SEM 4.97),GP greedy (exploit only),2,1,10,70.205,0.01,70.215,
GP fit to all 24,low (SEM 4.97),GP greedy (exploit only),2,2,14,70.205,0.01,70.215,
GP fit to all 24,low (SEM 4.97),GP greedy (exploit only),2,3,18,70.205,0.01,70.215,0.375
GP fit to all 24,low (SEM 4.97),"GP-UCB, kappa 2 (batch)",2,0,6,68.773,1.442,70.215,
GP fit to all 24,low (SEM 4.97),"GP-UCB, kappa 2 (batch)",2,1,10,68.773,1.442,70.215,
GP fit to all 24,low (SEM 4.97),"GP-UCB, kappa 2 (batch)",2,2,14,68.773,1.442,70.215,
GP fit to all 24,low (SEM 4.97),"GP-UCB, kappa 2 (batch)",2,3,18,69.188,1.027,70.215,5.746
GP fit to all 24,low (SEM 4.97),GP-EI (batch),2,0,6,68.773,1.442,70.215,
GP fit to all 24,low (SEM 4.97),GP-EI (batch),2,1,10,69.175,1.04,70.215,
GP fit to all 24,low (SEM 4.97),GP-EI (batch),2,2,14,69.175,1.04,70.215,
GP fit to all 24,low (SEM 4.97),GP-EI (batch),2,3,18,69.175,1.04,70.215,1.5
GP fit to all 24,low (SEM 4.97),Four-role policy (deployed),2,0,6,68.773,1.442,70.215,
GP fit to all 24,low (SEM 4.97),Four-role policy (deployed),2,1,10,70.196,0.019,70.215,
GP fit to all 24,low (SEM 4.97),Four-role policy (deployed),2,2,14,70.196,0.019,70.215,
GP fit to all 24,low (SEM 4.97),Four-role policy (deployed),2,3,18,70.196,0.019,70.215,0.019
GP fit to all 24,low (SEM 4.97),Random (feasible),3,0,6,48.885,21.33,70.215,
GP fit to all 24,low (SEM 4.97),Random (feasible),3,1,10,68.994,1.22,70.215,
GP fit to all 24,low (SEM 4.97),Random (feasible),3,2,14,68.994,1.22,70.215,
GP fit to all 24,low (SEM 4.97),Random (feasible),3,3,18,68.994,1.22,70.215,1.22
GP fit to all 24,low (SEM 4.97),GP greedy (exploit only),3,0,6,48.885,21.33,70.215,
GP fit to all 24,low (SEM 4.97),GP greedy (exploit only),3,1,10,48.885,21.33,70.215,
GP fit to all 24,low (SEM 4.97),GP greedy (exploit only),3,2,14,48.885,21.33,70.215,
GP fit to all 24,low (SEM 4.97),GP greedy (exploit only),3,3,18,53.074,17.14,70.215,23.555
GP fit to all 24,low (SEM 4.97),"GP-UCB, kappa 2 (batch)",3,0,6,48.885,21.33,70.215,
GP fit to all 24,low (SEM 4.97),"GP-UCB, kappa 2 (batch)",3,1,10,48.885,21.33,70.215,
GP fit to all 24,low (SEM 4.97),"GP-UCB, kappa 2 (batch)",3,2,14,52.447,17.768,70.215,
GP fit to all 24,low (SEM 4.97),"GP-UCB, kappa 2 (batch)",3,3,18,52.447,17.768,70.215,17.768
GP fit to all 24,low (SEM 4.97),GP-EI (batch),3,0,6,48.885,21.33,70.215,
GP fit to all 24,low (SEM 4.97),GP-EI (batch),3,1,10,48.885,21.33,70.215,
GP fit to all 24,low (SEM 4.97),GP-EI (batch),3,2,14,51.623,18.592,70.215,
GP fit to all 24,low (SEM 4.97),GP-EI (batch),3,3,18,53.074,17.141,70.215,18.592
GP fit to all 24,low (SEM 4.97),Four-role policy (deployed),3,0,6,48.885,21.33,70.215,
GP fit to all 24,low (SEM 4.97),Four-role policy (deployed),3,1,10,57.59,12.624,70.215,
GP fit to all 24,low (SEM 4.97),Four-role policy (deployed),3,2,14,61.306,8.909,70.215,
GP fit to all 24,low (SEM 4.97),Four-role policy (deployed),3,3,18,64.833,5.382,70.215,5.382
GP fit to all 24,low (SEM 4.97),Random (feasible),4,0,6,62.949,7.266,70.215,
GP fit to all 24,low (SEM 4.97),Random (feasible),4,1,10,62.949,7.266,70.215,
GP fit to all 24,low (SEM 4.97),Random (feasible),4,2,14,62.949,7.266,70.215,
GP fit to all 24,low (SEM 4.97),Random (feasible),4,3,18,62.949,7.266,70.215,7.266
GP fit to all 24,low (SEM 4.97),GP greedy (exploit only),4,0,6,62.949,7.266,70.215,
GP fit to all 24,low (SEM 4.97),GP greedy (exploit only),4,1,10,68.447,1.768,70.215,
GP fit to all 24,low (SEM 4.97),GP greedy (exploit only),4,2,14,68.447,1.768,70.215,
GP fit to all 24,low (SEM 4.97),GP greedy (exploit only),4,3,18,69.038,1.177,70.215,3.255
GP fit to all 24,low (SEM 4.97),"GP-UCB, kappa 2 (batch)",4,0,6,62.949,7.266,70.215,
GP fit to all 24,low (SEM 4.97),"GP-UCB, kappa 2 (batch)",4,1,10,67.189,3.026,70.215,
GP fit to all 24,low (SEM 4.97),"GP-UCB, kappa 2 (batch)",4,2,14,69.03,1.185,70.215,
GP fit to all 24,low (SEM 4.97),"GP-UCB, kappa 2 (batch)",4,3,18,69.843,0.371,70.215,3.026
GP fit to all 24,low (SEM 4.97),GP-EI (batch),4,0,6,62.949,7.266,70.215,
GP fit to all 24,low (SEM 4.97),GP-EI (batch),4,1,10,67.542,2.673,70.215,
GP fit to all 24,low (SEM 4.97),GP-EI (batch),4,2,14,67.842,2.373,70.215,
GP fit to all 24,low (SEM 4.97),GP-EI (batch),4,3,18,67.842,2.373,70.215,3.255
GP fit to all 24,low (SEM 4.97),Four-role policy (deployed),4,0,6,62.949,7.266,70.215,
GP fit to all 24,low (SEM 4.97),Four-role policy (deployed),4,1,10,66.96,3.255,70.215,
GP fit to all 24,low (SEM 4.97),Four-role policy (deployed),4,2,14,69.172,1.043,70.215,
GP fit to all 24,low (SEM 4.97),Four-role policy (deployed),4,3,18,70.076,0.139,70.215,3.255
GP fit to all 24,low (SEM 4.97),Random (feasible),5,0,6,58.064,12.151,70.215,
GP fit to all 24,low (SEM 4.97),Random (feasible),5,1,10,58.369,11.846,70.215,
GP fit to all 24,low (SEM 4.97),Random (feasible),5,2,14,62.978,7.237,70.215,
GP fit to all 24,low (SEM 4.97),Random (feasible),5,3,18,66.204,4.011,70.215,11.846
GP fit to all 24,low (SEM 4.97),GP greedy (exploit only),5,0,6,58.064,12.151,70.215,
GP fit to all 24,low (SEM 4.97),GP greedy (exploit only),5,1,10,63.388,6.826,70.215,
GP fit to all 24,low (SEM 4.97),GP greedy (exploit only),5,2,14,68.524,1.69,70.215,
GP fit to all 24,low (SEM 4.97),GP greedy (exploit only),5,3,18,70.215,0.0,70.215,0.722
GP fit to all 24,low (SEM 4.97),"GP-UCB, kappa 2 (batch)",5,0,6,58.064,12.151,70.215,
GP fit to all 24,low (SEM 4.97),"GP-UCB, kappa 2 (batch)",5,1,10,65.831,4.384,70.215,
GP fit to all 24,low (SEM 4.97),"GP-UCB, kappa 2 (batch)",5,2,14,67.853,2.362,70.215,
GP fit to all 24,low (SEM 4.97),"GP-UCB, kappa 2 (batch)",5,3,18,67.853,2.362,70.215,4.384
GP fit to all 24,low (SEM 4.97),GP-EI (batch),5,0,6,58.064,12.151,70.215,
GP fit to all 24,low (SEM 4.97),GP-EI (batch),5,1,10,63.388,6.826,70.215,
GP fit to all 24,low (SEM 4.97),GP-EI (batch),5,2,14,68.999,1.216,70.215,
GP fit to all 24,low (SEM 4.97),GP-EI (batch),5,3,18,69.855,0.36,70.215,1.514
GP fit to all 24,low (SEM 4.97),Four-role policy (deployed),5,0,6,58.064,12.151,70.215,
GP fit to all 24,low (SEM 4.97),Four-role policy (deployed),5,1,10,63.388,6.826,70.215,
GP fit to all 24,low (SEM 4.97),Four-role policy (deployed),5,2,14,68.315,1.9,70.215,
GP fit to all 24,low (SEM 4.97),Four-role policy (deployed),5,3,18,68.315,1.9,70.215,10.251
GP fit to all 24,low (SEM 4.97),Random (feasible),6,0,6,47.76,22.455,70.215,
GP fit to all 24,low (SEM 4.97),Random (feasible),6,1,10,47.76,22.455,70.215,
GP fit to all 24,low (SEM 4.97),Random (feasible),6,2,14,47.795,22.419,70.215,
GP fit to all 24,low (SEM 4.97),Random (feasible),6,3,18,47.795,22.419,70.215,25.221
GP fit to all 24,low (SEM 4.97),GP greedy (exploit only),6,0,6,47.76,22.455,70.215,
GP fit to all 24,low (SEM 4.97),GP greedy (exploit only),6,1,10,50.23,19.985,70.215,
GP fit to all 24,low (SEM 4.97),GP greedy (exploit only),6,2,14,50.23,19.985,70.215,
GP fit to all 24,low (SEM 4.97),GP greedy (exploit only),6,3,18,50.23,19.985,70.215,25.221
GP fit to all 24,low (SEM 4.97),"GP-UCB, kappa 2 (batch)",6,0,6,47.76,22.455,70.215,
GP fit to all 24,low (SEM 4.97),"GP-UCB, kappa 2 (batch)",6,1,10,50.23,19.985,70.215,
GP fit to all 24,low (SEM 4.97),"GP-UCB, kappa 2 (batch)",6,2,14,50.23,19.985,70.215,
GP fit to all 24,low (SEM 4.97),"GP-UCB, kappa 2 (batch)",6,3,18,50.23,19.984,70.215,25.221
GP fit to all 24,low (SEM 4.97),GP-EI (batch),6,0,6,47.76,22.455,70.215,
GP fit to all 24,low (SEM 4.97),GP-EI (batch),6,1,10,50.23,19.985,70.215,
GP fit to all 24,low (SEM 4.97),GP-EI (batch),6,2,14,50.23,19.985,70.215,
GP fit to all 24,low (SEM 4.97),GP-EI (batch),6,3,18,50.23,19.984,70.215,25.221
GP fit to all 24,low (SEM 4.97),Four-role policy (deployed),6,0,6,47.76,22.455,70.215,
GP fit to all 24,low (SEM 4.97),Four-role policy (deployed),6,1,10,50.23,19.985,70.215,
GP fit to all 24,low (SEM 4.97),Four-role policy (deployed),6,2,14,50.23,19.985,70.215,
GP fit to all 24,low (SEM 4.97),Four-role policy (deployed),6,3,18,60.886,9.329,70.215,9.329
GP fit to all 24,low (SEM 4.97),Random (feasible),7,0,6,58.025,12.189,70.215,
GP fit to all 24,low (SEM 4.97),Random (feasible),7,1,10,61.886,8.329,70.215,
GP fit to all 24,low (SEM 4.97),Random (feasible),7,2,14,61.886,8.329,70.215,
GP fit to all 24,low (SEM 4.97),Random (feasible),7,3,18,61.886,8.329,70.215,8.329
GP fit to all 24,low (SEM 4.97),GP greedy (exploit only),7,0,6,58.025,12.189,70.215,
GP fit to all 24,low (SEM 4.97),GP greedy (exploit only),7,1,10,58.756,11.459,70.215,
GP fit to all 24,low (SEM 4.97),GP greedy (exploit only),7,2,14,59.405,10.81,70.215,
GP fit to all 24,low (SEM 4.97),GP greedy (exploit only),7,3,18,59.405,10.81,70.215,15.166
GP fit to all 24,low (SEM 4.97),"GP-UCB, kappa 2 (batch)",7,0,6,58.025,12.189,70.215,
GP fit to all 24,low (SEM 4.97),"GP-UCB, kappa 2 (batch)",7,1,10,67.322,2.893,70.215,
GP fit to all 24,low (SEM 4.97),"GP-UCB, kappa 2 (batch)",7,2,14,70.086,0.129,70.215,
GP fit to all 24,low (SEM 4.97),"GP-UCB, kappa 2 (batch)",7,3,18,70.086,0.129,70.215,7.905
GP fit to all 24,low (SEM 4.97),GP-EI (batch),7,0,6,58.025,12.189,70.215,
GP fit to all 24,low (SEM 4.97),GP-EI (batch),7,1,10,58.025,12.189,70.215,
GP fit to all 24,low (SEM 4.97),GP-EI (batch),7,2,14,67.295,2.919,70.215,
GP fit to all 24,low (SEM 4.97),GP-EI (batch),7,3,18,69.188,1.027,70.215,1.516
GP fit to all 24,low (SEM 4.97),Four-role policy (deployed),7,0,6,58.025,12.189,70.215,
GP fit to all 24,low (SEM 4.97),Four-role policy (deployed),7,1,10,69.843,0.371,70.215,
GP fit to all 24,low (SEM 4.97),Four-role policy (deployed),7,2,14,70.073,0.142,70.215,
GP fit to all 24,low (SEM 4.97),Four-role policy (deployed),7,3,18,70.073,0.142,70.215,4.533
GP fit to all 24,low (SEM 4.97),Random (feasible),8,0,6,66.492,3.723,70.215,
GP fit to all 24,low (SEM 4.97),Random (feasible),8,1,10,66.492,3.723,70.215,
GP fit to all 24,low (SEM 4.97),Random (feasible),8,2,14,66.492,3.723,70.215,
GP fit to all 24,low (SEM 4.97),Random (feasible),8,3,18,66.492,3.723,70.215,5.358
GP fit to all 24,low (SEM 4.97),GP greedy (exploit only),8,0,6,66.492,3.723,70.215,
GP fit to all 24,low (SEM 4.97),GP greedy (exploit only),8,1,10,66.492,3.723,70.215,
GP fit to all 24,low (SEM 4.97),GP greedy (exploit only),8,2,14,69.014,1.201,70.215,
GP fit to all 24,low (SEM 4.97),GP greedy (exploit only),8,3,18,69.014,1.201,70.215,3.728
GP fit to all 24,low (SEM 4.97),"GP-UCB, kappa 2 (batch)",8,0,6,66.492,3.723,70.215,
GP fit to all 24,low (SEM 4.97),"GP-UCB, kappa 2 (batch)",8,1,10,68.516,1.699,70.215,
GP fit to all 24,low (SEM 4.97),"GP-UCB, kappa 2 (batch)",8,2,14,68.516,1.699,70.215,
GP fit to all 24,low (SEM 4.97),"GP-UCB, kappa 2 (batch)",8,3,18,70.073,0.142,70.215,0.142
GP fit to all 24,low (SEM 4.97),GP-EI (batch),8,0,6,66.492,3.723,70.215,
GP fit to all 24,low (SEM 4.97),GP-EI (batch),8,1,10,67.842,2.373,70.215,
GP fit to all 24,low (SEM 4.97),GP-EI (batch),8,2,14,70.093,0.121,70.215,
GP fit to all 24,low (SEM 4.97),GP-EI (batch),8,3,18,70.093,0.121,70.215,0.121
GP fit to all 24,low (SEM 4.97),Four-role policy (deployed),8,0,6,66.492,3.723,70.215,
GP fit to all 24,low (SEM 4.97),Four-role policy (deployed),8,1,10,66.492,3.723,70.215,
GP fit to all 24,low (SEM 4.97),Four-role policy (deployed),8,2,14,67.322,2.893,70.215,
GP fit to all 24,low (SEM 4.97),Four-role policy (deployed),8,3,18,68.325,1.89,70.215,3.728
GP fit to all 24,low (SEM 4.97),Random (feasible),9,0,6,51.291,18.924,70.215,
GP fit to all 24,low (SEM 4.97),Random (feasible),9,1,10,51.291,18.924,70.215,
GP fit to all 24,low (SEM 4.97),Random (feasible),9,2,14,59.461,10.754,70.215,
GP fit to all 24,low (SEM 4.97),Random (feasible),9,3,18,59.461,10.754,70.215,11.839
GP fit to all 24,low (SEM 4.97),GP greedy (exploit only),9,0,6,51.291,18.924,70.215,
GP fit to all 24,low (SEM 4.97),GP greedy (exploit only),9,1,10,51.291,18.924,70.215,
GP fit to all 24,low (SEM 4.97),GP greedy (exploit only),9,2,14,51.291,18.924,70.215,
GP fit to all 24,low (SEM 4.97),GP greedy (exploit only),9,3,18,51.291,18.924,70.215,22.806
GP fit to all 24,low (SEM 4.97),"GP-UCB, kappa 2 (batch)",9,0,6,51.291,18.924,70.215,
GP fit to all 24,low (SEM 4.97),"GP-UCB, kappa 2 (batch)",9,1,10,53.438,16.777,70.215,
GP fit to all 24,low (SEM 4.97),"GP-UCB, kappa 2 (batch)",9,2,14,53.438,16.777,70.215,
GP fit to all 24,low (SEM 4.97),"GP-UCB, kappa 2 (batch)",9,3,18,53.442,16.773,70.215,16.773
GP fit to all 24,low (SEM 4.97),GP-EI (batch),9,0,6,51.291,18.924,70.215,
GP fit to all 24,low (SEM 4.97),GP-EI (batch),9,1,10,53.438,16.777,70.215,
GP fit to all 24,low (SEM 4.97),GP-EI (batch),9,2,14,53.438,16.777,70.215,
GP fit to all 24,low (SEM 4.97),GP-EI (batch),9,3,18,53.44,16.775,70.215,16.775
GP fit to all 24,low (SEM 4.97),Four-role policy (deployed),9,0,6,51.291,18.924,70.215,
GP fit to all 24,low (SEM 4.97),Four-role policy (deployed),9,1,10,54.768,15.447,70.215,
GP fit to all 24,low (SEM 4.97),Four-role policy (deployed),9,2,14,54.768,15.447,70.215,
GP fit to all 24,low (SEM 4.97),Four-role policy (deployed),9,3,18,68.78,1.435,70.215,1.435
GP fit to all 24,low (SEM 4.97),Random (feasible),10,0,6,68.505,1.71,70.215,
GP fit to all 24,low (SEM 4.97),Random (feasible),10,1,10,68.505,1.71,70.215,
GP fit to all 24,low (SEM 4.97),Random (feasible),10,2,14,68.505,1.71,70.215,
GP fit to all 24,low (SEM 4.97),Random (feasible),10,3,18,68.505,1.71,70.215,1.71
GP fit to all 24,low (SEM 4.97),GP greedy (exploit only),10,0,6,68.505,1.71,70.215,
GP fit to all 24,low (SEM 4.97),GP greedy (exploit only),10,1,10,70.211,0.004,70.215,
GP fit to all 24,low (SEM 4.97),GP greedy (exploit only),10,2,14,70.211,0.004,70.215,
GP fit to all 24,low (SEM 4.97),GP greedy (exploit only),10,3,18,70.211,0.004,70.215,0.36
GP fit to all 24,low (SEM 4.97),"GP-UCB, kappa 2 (batch)",10,0,6,68.505,1.71,70.215,
GP fit to all 24,low (SEM 4.97),"GP-UCB, kappa 2 (batch)",10,1,10,68.505,1.71,70.215,
GP fit to all 24,low (SEM 4.97),"GP-UCB, kappa 2 (batch)",10,2,14,68.505,1.71,70.215,
GP fit to all 24,low (SEM 4.97),"GP-UCB, kappa 2 (batch)",10,3,18,69.494,0.72,70.215,0.72
GP fit to all 24,low (SEM 4.97),GP-EI (batch),10,0,6,68.505,1.71,70.215,
GP fit to all 24,low (SEM 4.97),GP-EI (batch),10,1,10,70.209,0.005,70.215,
GP fit to all 24,low (SEM 4.97),GP-EI (batch),10,2,14,70.209,0.005,70.215,
GP fit to all 24,low (SEM 4.97),GP-EI (batch),10,3,18,70.209,0.005,70.215,1.485
GP fit to all 24,low (SEM 4.97),Four-role policy (deployed),10,0,6,68.505,1.71,70.215,
GP fit to all 24,low (SEM 4.97),Four-role policy (deployed),10,1,10,69.005,1.21,70.215,
GP fit to all 24,low (SEM 4.97),Four-role policy (deployed),10,2,14,70.211,0.004,70.215,
GP fit to all 24,low (SEM 4.97),Four-role policy (deployed),10,3,18,70.211,0.004,70.215,0.004
GP fit to all 24,low (SEM 4.97),Random (feasible),11,0,6,45.82,24.394,70.215,
GP fit to all 24,low (SEM 4.97),Random (feasible),11,1,10,47.833,22.381,70.215,
GP fit to all 24,low (SEM 4.97),Random (feasible),11,2,14,58.025,12.189,70.215,
GP fit to all 24,low (SEM 4.97),Random (feasible),11,3,18,68.468,1.747,70.215,1.747
GP fit to all 24,low (SEM 4.97),GP greedy (exploit only),11,0,6,45.82,24.394,70.215,
GP fit to all 24,low (SEM 4.97),GP greedy (exploit only),11,1,10,46.525,23.69,70.215,
GP fit to all 24,low (SEM 4.97),GP greedy (exploit only),11,2,14,51.902,18.313,70.215,
GP fit to all 24,low (SEM 4.97),GP greedy (exploit only),11,3,18,68.786,1.428,70.215,1.428
GP fit to all 24,low (SEM 4.97),"GP-UCB, kappa 2 (batch)",11,0,6,45.82,24.394,70.215,
GP fit to all 24,low (SEM 4.97),"GP-UCB, kappa 2 (batch)",11,1,10,46.525,23.69,70.215,
GP fit to all 24,low (SEM 4.97),"GP-UCB, kappa 2 (batch)",11,2,14,63.388,6.826,70.215,
GP fit to all 24,low (SEM 4.97),"GP-UCB, kappa 2 (batch)",11,3,18,67.322,2.893,70.215,2.893
GP fit to all 24,low (SEM 4.97),GP-EI (batch),11,0,6,45.82,24.394,70.215,
GP fit to all 24,low (SEM 4.97),GP-EI (batch),11,1,10,46.525,23.69,70.215,
GP fit to all 24,low (SEM 4.97),GP-EI (batch),11,2,14,65.831,4.384,70.215,
GP fit to all 24,low (SEM 4.97),GP-EI (batch),11,3,18,65.831,4.384,70.215,4.384
GP fit to all 24,low (SEM 4.97),Four-role policy (deployed),11,0,6,45.82,24.394,70.215,
GP fit to all 24,low (SEM 4.97),Four-role policy (deployed),11,1,10,46.525,23.69,70.215,
GP fit to all 24,low (SEM 4.97),Four-role policy (deployed),11,2,14,68.338,1.877,70.215,
GP fit to all 24,low (SEM 4.97),Four-role policy (deployed),11,3,18,68.338,1.877,70.215,1.877
GP fit to all 24,low (SEM 4.97),Random (feasible),12,0,6,59.464,10.751,70.215,
GP fit to all 24,low (SEM 4.97),Random (feasible),12,1,10,69.001,1.214,70.215,
GP fit to all 24,low (SEM 4.97),Random (feasible),12,2,14,69.001,1.214,70.215,
GP fit to all 24,low (SEM 4.97),Random (feasible),12,3,18,69.001,1.214,70.215,4.954
GP fit to all 24,low (SEM 4.97),GP greedy (exploit only),12,0,6,59.464,10.751,70.215,
GP fit to all 24,low (SEM 4.97),GP greedy (exploit only),12,1,10,59.464,10.751,70.215,
GP fit to all 24,low (SEM 4.97),GP greedy (exploit only),12,2,14,59.464,10.751,70.215,
GP fit to all 24,low (SEM 4.97),GP greedy (exploit only),12,3,18,62.332,7.883,70.215,8.224
GP fit to all 24,low (SEM 4.97),"GP-UCB, kappa 2 (batch)",12,0,6,59.464,10.751,70.215,
GP fit to all 24,low (SEM 4.97),"GP-UCB, kappa 2 (batch)",12,1,10,67.322,2.893,70.215,
GP fit to all 24,low (SEM 4.97),"GP-UCB, kappa 2 (batch)",12,2,14,67.322,2.893,70.215,
GP fit to all 24,low (SEM 4.97),"GP-UCB, kappa 2 (batch)",12,3,18,67.322,2.893,70.215,3.89
GP fit to all 24,low (SEM 4.97),GP-EI (batch),12,0,6,59.464,10.751,70.215,
GP fit to all 24,low (SEM 4.97),GP-EI (batch),12,1,10,59.464,10.751,70.215,
GP fit to all 24,low (SEM 4.97),GP-EI (batch),12,2,14,66.098,4.117,70.215,
GP fit to all 24,low (SEM 4.97),GP-EI (batch),12,3,18,69.855,0.36,70.215,0.36
GP fit to all 24,low (SEM 4.97),Four-role policy (deployed),12,0,6,59.464,10.751,70.215,
GP fit to all 24,low (SEM 4.97),Four-role policy (deployed),12,1,10,59.464,10.751,70.215,
GP fit to all 24,low (SEM 4.97),Four-role policy (deployed),12,2,14,70.205,0.01,70.215,
GP fit to all 24,low (SEM 4.97),Four-role policy (deployed),12,3,18,70.205,0.01,70.215,0.01
GP fit to all 24,low (SEM 4.97),Random (feasible),13,0,6,66.253,3.961,70.215,
GP fit to all 24,low (SEM 4.97),Random (feasible),13,1,10,68.78,1.435,70.215,
GP fit to all 24,low (SEM 4.97),Random (feasible),13,2,14,68.78,1.435,70.215,
GP fit to all 24,low (SEM 4.97),Random (feasible),13,3,18,68.78,1.435,70.215,1.435
GP fit to all 24,low (SEM 4.97),GP greedy (exploit only),13,0,6,66.253,3.961,70.215,
GP fit to all 24,low (SEM 4.97),GP greedy (exploit only),13,1,10,69.225,0.989,70.215,
GP fit to all 24,low (SEM 4.97),GP greedy (exploit only),13,2,14,69.225,0.989,70.215,
GP fit to all 24,low (SEM 4.97),GP greedy (exploit only),13,3,18,70.207,0.008,70.215,1.117
GP fit to all 24,low (SEM 4.97),"GP-UCB, kappa 2 (batch)",13,0,6,66.253,3.961,70.215,
GP fit to all 24,low (SEM 4.97),"GP-UCB, kappa 2 (batch)",13,1,10,66.253,3.961,70.215,
GP fit to all 24,low (SEM 4.97),"GP-UCB, kappa 2 (batch)",13,2,14,70.197,0.018,70.215,
GP fit to all 24,low (SEM 4.97),"GP-UCB, kappa 2 (batch)",13,3,18,70.197,0.018,70.215,8.063
GP fit to all 24,low (SEM 4.97),GP-EI (batch),13,0,6,66.253,3.961,70.215,
GP fit to all 24,low (SEM 4.97),GP-EI (batch),13,1,10,66.253,3.961,70.215,
GP fit to all 24,low (SEM 4.97),GP-EI (batch),13,2,14,69.172,1.043,70.215,
GP fit to all 24,low (SEM 4.97),GP-EI (batch),13,3,18,69.486,0.728,70.215,1.043
GP fit to all 24,low (SEM 4.97),Four-role policy (deployed),13,0,6,66.253,3.961,70.215,
GP fit to all 24,low (SEM 4.97),Four-role policy (deployed),13,1,10,66.527,3.688,70.215,
GP fit to all 24,low (SEM 4.97),Four-role policy (deployed),13,2,14,70.081,0.134,70.215,
GP fit to all 24,low (SEM 4.97),Four-role policy (deployed),13,3,18,70.081,0.134,70.215,1.216
GP fit to all 24,low (SEM 4.97),Random (feasible),14,0,6,54.443,15.771,70.215,
GP fit to all 24,low (SEM 4.97),Random (feasible),14,1,10,54.766,15.448,70.215,
GP fit to all 24,low (SEM 4.97),Random (feasible),14,2,14,66.209,4.006,70.215,
GP fit to all 24,low (SEM 4.97),Random (feasible),14,3,18,66.209,4.006,70.215,4.006
GP fit to all 24,low (SEM 4.97),GP greedy (exploit only),14,0,6,54.443,15.771,70.215,
GP fit to all 24,low (SEM 4.97),GP greedy (exploit only),14,1,10,69.843,0.371,70.215,
GP fit to all 24,low (SEM 4.97),GP greedy (exploit only),14,2,14,69.843,0.371,70.215,
GP fit to all 24,low (SEM 4.97),GP greedy (exploit only),14,3,18,69.843,0.371,70.215,3.869
GP fit to all 24,low (SEM 4.97),"GP-UCB, kappa 2 (batch)",14,0,6,54.443,15.771,70.215,
GP fit to all 24,low (SEM 4.97),"GP-UCB, kappa 2 (batch)",14,1,10,68.468,1.747,70.215,
GP fit to all 24,low (SEM 4.97),"GP-UCB, kappa 2 (batch)",14,2,14,68.468,1.747,70.215,
GP fit to all 24,low (SEM 4.97),"GP-UCB, kappa 2 (batch)",14,3,18,68.468,1.747,70.215,5.771
GP fit to all 24,low (SEM 4.97),GP-EI (batch),14,0,6,54.443,15.771,70.215,
GP fit to all 24,low (SEM 4.97),GP-EI (batch),14,1,10,68.468,1.747,70.215,
GP fit to all 24,low (SEM 4.97),GP-EI (batch),14,2,14,70.209,0.005,70.215,
GP fit to all 24,low (SEM 4.97),GP-EI (batch),14,3,18,70.209,0.005,70.215,0.36
GP fit to all 24,low (SEM 4.97),Four-role policy (deployed),14,0,6,54.443,15.771,70.215,
GP fit to all 24,low (SEM 4.97),Four-role policy (deployed),14,1,10,69.843,0.371,70.215,
GP fit to all 24,low (SEM 4.97),Four-role policy (deployed),14,2,14,69.843,0.371,70.215,
GP fit to all 24,low (SEM 4.97),Four-role policy (deployed),14,3,18,69.843,0.371,70.215,2.277
GP fit to all 24,low (SEM 4.97),Random (feasible),15,0,6,68.985,1.23,70.215,
GP fit to all 24,low (SEM 4.97),Random (feasible),15,1,10,68.985,1.23,70.215,
GP fit to all 24,low (SEM 4.97),Random (feasible),15,2,14,68.985,1.23,70.215,
GP fit to all 24,low (SEM 4.97),Random (feasible),15,3,18,68.985,1.23,70.215,2.178
GP fit to all 24,low (SEM 4.97),GP greedy (exploit only),15,0,6,68.985,1.23,70.215,
GP fit to all 24,low (SEM 4.97),GP greedy (exploit only),15,1,10,68.985,1.23,70.215,
GP fit to all 24,low (SEM 4.97),GP greedy (exploit only),15,2,14,68.985,1.23,70.215,
GP fit to all 24,low (SEM 4.97),GP greedy (exploit only),15,3,18,68.99,1.225,70.215,3.958
GP fit to all 24,low (SEM 4.97),"GP-UCB, kappa 2 (batch)",15,0,6,68.985,1.23,70.215,
GP fit to all 24,low (SEM 4.97),"GP-UCB, kappa 2 (batch)",15,1,10,68.985,1.23,70.215,
GP fit to all 24,low (SEM 4.97),"GP-UCB, kappa 2 (batch)",15,2,14,68.985,1.23,70.215,
GP fit to all 24,low (SEM 4.97),"GP-UCB, kappa 2 (batch)",15,3,18,70.212,0.002,70.215,1.747
GP fit to all 24,low (SEM 4.97),GP-EI (batch),15,0,6,68.985,1.23,70.215,
GP fit to all 24,low (SEM 4.97),GP-EI (batch),15,1,10,68.985,1.23,70.215,
GP fit to all 24,low (SEM 4.97),GP-EI (batch),15,2,14,68.985,1.23,70.215,
GP fit to all 24,low (SEM 4.97),GP-EI (batch),15,3,18,70.212,0.002,70.215,0.72
GP fit to all 24,low (SEM 4.97),Four-role policy (deployed),15,0,6,68.985,1.23,70.215,
GP fit to all 24,low (SEM 4.97),Four-role policy (deployed),15,1,10,68.985,1.23,70.215,
GP fit to all 24,low (SEM 4.97),Four-role policy (deployed),15,2,14,68.985,1.23,70.215,
GP fit to all 24,low (SEM 4.97),Four-role policy (deployed),15,3,18,68.985,1.23,70.215,2.178
GP fit to all 24,low (SEM 4.97),Random (feasible),16,0,6,70.205,0.01,70.215,
GP fit to all 24,low (SEM 4.97),Random (feasible),16,1,10,70.205,0.01,70.215,
GP fit to all 24,low (SEM 4.97),Random (feasible),16,2,14,70.205,0.01,70.215,
GP fit to all 24,low (SEM 4.97),Random (feasible),16,3,18,70.205,0.01,70.215,4.877
GP fit to all 24,low (SEM 4.97),GP greedy (exploit only),16,0,6,70.205,0.01,70.215,
GP fit to all 24,low (SEM 4.97),GP greedy (exploit only),16,1,10,70.205,0.01,70.215,
GP fit to all 24,low (SEM 4.97),GP greedy (exploit only),16,2,14,70.205,0.01,70.215,
GP fit to all 24,low (SEM 4.97),GP greedy (exploit only),16,3,18,70.205,0.01,70.215,4.877
GP fit to all 24,low (SEM 4.97),"GP-UCB, kappa 2 (batch)",16,0,6,70.205,0.01,70.215,
GP fit to all 24,low (SEM 4.97),"GP-UCB, kappa 2 (batch)",16,1,10,70.205,0.01,70.215,
GP fit to all 24,low (SEM 4.97),"GP-UCB, kappa 2 (batch)",16,2,14,70.205,0.01,70.215,
GP fit to all 24,low (SEM 4.97),"GP-UCB, kappa 2 (batch)",16,3,18,70.205,0.01,70.215,4.877
GP fit to all 24,low (SEM 4.97),GP-EI (batch),16,0,6,70.205,0.01,70.215,
GP fit to all 24,low (SEM 4.97),GP-EI (batch),16,1,10,70.205,0.01,70.215,
GP fit to all 24,low (SEM 4.97),GP-EI (batch),16,2,14,70.205,0.01,70.215,
GP fit to all 24,low (SEM 4.97),GP-EI (batch),16,3,18,70.205,0.01,70.215,1.21
GP fit to all 24,low (SEM 4.97),Four-role policy (deployed),16,0,6,70.205,0.01,70.215,
GP fit to all 24,low (SEM 4.97),Four-role policy (deployed),16,1,10,70.205,0.01,70.215,
GP fit to all 24,low (SEM 4.97),Four-role policy (deployed),16,2,14,70.205,0.01,70.215,
GP fit to all 24,low (SEM 4.97),Four-role policy (deployed),16,3,18,70.205,0.01,70.215,1.433
GP fit to all 24,low (SEM 4.97),Random (feasible),17,0,6,48.714,21.501,70.215,
GP fit to all 24,low (SEM 4.97),Random (feasible),17,1,10,62.486,7.729,70.215,
GP fit to all 24,low (SEM 4.97),Random (feasible),17,2,14,69.051,1.163,70.215,
GP fit to all 24,low (SEM 4.97),Random (feasible),17,3,18,69.051,1.163,70.215,7.729
GP fit to all 24,low (SEM 4.97),GP greedy (exploit only),17,0,6,48.714,21.501,70.215,
GP fit to all 24,low (SEM 4.97),GP greedy (exploit only),17,1,10,61.192,9.023,70.215,
GP fit to all 24,low (SEM 4.97),GP greedy (exploit only),17,2,14,68.524,1.69,70.215,
GP fit to all 24,low (SEM 4.97),GP greedy (exploit only),17,3,18,68.524,1.69,70.215,7.227
GP fit to all 24,low (SEM 4.97),"GP-UCB, kappa 2 (batch)",17,0,6,48.714,21.501,70.215,
GP fit to all 24,low (SEM 4.97),"GP-UCB, kappa 2 (batch)",17,1,10,53.438,16.777,70.215,
GP fit to all 24,low (SEM 4.97),"GP-UCB, kappa 2 (batch)",17,2,14,57.858,12.357,70.215,
GP fit to all 24,low (SEM 4.97),"GP-UCB, kappa 2 (batch)",17,3,18,70.212,0.002,70.215,0.002
GP fit to all 24,low (SEM 4.97),GP-EI (batch),17,0,6,48.714,21.501,70.215,
GP fit to all 24,low (SEM 4.97),GP-EI (batch),17,1,10,48.971,21.244,70.215,
GP fit to all 24,low (SEM 4.97),GP-EI (batch),17,2,14,57.929,12.286,70.215,
GP fit to all 24,low (SEM 4.97),GP-EI (batch),17,3,18,68.528,1.687,70.215,4.384
GP fit to all 24,low (SEM 4.97),Four-role policy (deployed),17,0,6,48.714,21.501,70.215,
GP fit to all 24,low (SEM 4.97),Four-role policy (deployed),17,1,10,52.149,18.066,70.215,
GP fit to all 24,low (SEM 4.97),Four-role policy (deployed),17,2,14,52.149,18.066,70.215,
GP fit to all 24,low (SEM 4.97),Four-role policy (deployed),17,3,18,56.609,13.606,70.215,21.501
GP fit to all 24,low (SEM 4.97),Random (feasible),18,0,6,69.009,1.206,70.215,
GP fit to all 24,low (SEM 4.97),Random (feasible),18,1,10,69.485,0.73,70.215,
GP fit to all 24,low (SEM 4.97),Random (feasible),18,2,14,69.485,0.73,70.215,
GP fit to all 24,low (SEM 4.97),Random (feasible),18,3,18,69.485,0.73,70.215,2.338
GP fit to all 24,low (SEM 4.97),GP greedy (exploit only),18,0,6,69.009,1.206,70.215,
GP fit to all 24,low (SEM 4.97),GP greedy (exploit only),18,1,10,69.009,1.206,70.215,
GP fit to all 24,low (SEM 4.97),GP greedy (exploit only),18,2,14,69.009,1.206,70.215,
GP fit to all 24,low (SEM 4.97),GP greedy (exploit only),18,3,18,69.172,1.043,70.215,4.999
GP fit to all 24,low (SEM 4.97),"GP-UCB, kappa 2 (batch)",18,0,6,69.009,1.206,70.215,
GP fit to all 24,low (SEM 4.97),"GP-UCB, kappa 2 (batch)",18,1,10,69.009,1.206,70.215,
GP fit to all 24,low (SEM 4.97),"GP-UCB, kappa 2 (batch)",18,2,14,69.009,1.206,70.215,
GP fit to all 24,low (SEM 4.97),"GP-UCB, kappa 2 (batch)",18,3,18,69.843,0.371,70.215,1.169
GP fit to all 24,low (SEM 4.97),GP-EI (batch),18,0,6,69.009,1.206,70.215,
GP fit to all 24,low (SEM 4.97),GP-EI (batch),18,1,10,69.009,1.206,70.215,
GP fit to all 24,low (SEM 4.97),GP-EI (batch),18,2,14,69.009,1.206,70.215,
GP fit to all 24,low (SEM 4.97),GP-EI (batch),18,3,18,69.843,0.371,70.215,1.167
GP fit to all 24,low (SEM 4.97),Four-role policy (deployed),18,0,6,69.009,1.206,70.215,
GP fit to all 24,low (SEM 4.97),Four-role policy (deployed),18,1,10,69.009,1.206,70.215,
GP fit to all 24,low (SEM 4.97),Four-role policy (deployed),18,2,14,69.009,1.206,70.215,
GP fit to all 24,low (SEM 4.97),Four-role policy (deployed),18,3,18,69.009,1.206,70.215,2.338
GP fit to all 24,low (SEM 4.97),Random (feasible),19,0,6,62.234,7.981,70.215,
GP fit to all 24,low (SEM 4.97),Random (feasible),19,1,10,69.489,0.726,70.215,
GP fit to all 24,low (SEM 4.97),Random (feasible),19,2,14,69.489,0.726,70.215,
GP fit to all 24,low (SEM 4.97),Random (feasible),19,3,18,69.489,0.726,70.215,0.726
GP fit to all 24,low (SEM 4.97),GP greedy (exploit only),19,0,6,62.234,7.981,70.215,
GP fit to all 24,low (SEM 4.97),GP greedy (exploit only),19,1,10,70.078,0.136,70.215,
GP fit to all 24,low (SEM 4.97),GP greedy (exploit only),19,2,14,70.078,0.136,70.215,
GP fit to all 24,low (SEM 4.97),GP greedy (exploit only),19,3,18,70.078,0.136,70.215,6.582
GP fit to all 24,low (SEM 4.97),"GP-UCB, kappa 2 (batch)",19,0,6,62.234,7.981,70.215,
GP fit to all 24,low (SEM 4.97),"GP-UCB, kappa 2 (batch)",19,1,10,62.93,7.285,70.215,
GP fit to all 24,low (SEM 4.97),"GP-UCB, kappa 2 (batch)",19,2,14,70.212,0.002,70.215,
GP fit to all 24,low (SEM 4.97),"GP-UCB, kappa 2 (batch)",19,3,18,70.212,0.002,70.215,0.142
GP fit to all 24,low (SEM 4.97),GP-EI (batch),19,0,6,62.234,7.981,70.215,
GP fit to all 24,low (SEM 4.97),GP-EI (batch),19,1,10,62.234,7.981,70.215,
GP fit to all 24,low (SEM 4.97),GP-EI (batch),19,2,14,63.585,6.63,70.215,
GP fit to all 24,low (SEM 4.97),GP-EI (batch),19,3,18,66.96,3.255,70.215,5.336
GP fit to all 24,low (SEM 4.97),Four-role policy (deployed),19,0,6,62.234,7.981,70.215,
GP fit to all 24,low (SEM 4.97),Four-role policy (deployed),19,1,10,68.985,1.23,70.215,
GP fit to all 24,low (SEM 4.97),Four-role policy (deployed),19,2,14,68.985,1.23,70.215,
GP fit to all 24,low (SEM 4.97),Four-role policy (deployed),19,3,18,68.985,1.23,70.215,2.373
GP fit to all 24,low (SEM 4.97),Random (feasible),20,0,6,47.445,22.77,70.215,
GP fit to all 24,low (SEM 4.97),Random (feasible),20,1,10,52.177,18.038,70.215,
GP fit to all 24,low (SEM 4.97),Random (feasible),20,2,14,52.177,18.038,70.215,
GP fit to all 24,low (SEM 4.97),Random (feasible),20,3,18,58.028,12.187,70.215,12.187
GP fit to all 24,low (SEM 4.97),GP greedy (exploit only),20,0,6,47.445,22.77,70.215,
GP fit to all 24,low (SEM 4.97),GP greedy (exploit only),20,1,10,68.346,1.868,70.215,
GP fit to all 24,low (SEM 4.97),GP greedy (exploit only),20,2,14,69.239,0.976,70.215,
GP fit to all 24,low (SEM 4.97),GP greedy (exploit only),20,3,18,69.239,0.976,70.215,3.547
GP fit to all 24,low (SEM 4.97),"GP-UCB, kappa 2 (batch)",20,0,6,47.445,22.77,70.215,
GP fit to all 24,low (SEM 4.97),"GP-UCB, kappa 2 (batch)",20,1,10,69.188,1.027,70.215,
GP fit to all 24,low (SEM 4.97),"GP-UCB, kappa 2 (batch)",20,2,14,69.84,0.375,70.215,
GP fit to all 24,low (SEM 4.97),"GP-UCB, kappa 2 (batch)",20,3,18,70.209,0.005,70.215,1.027
GP fit to all 24,low (SEM 4.97),GP-EI (batch),20,0,6,47.445,22.77,70.215,
GP fit to all 24,low (SEM 4.97),GP-EI (batch),20,1,10,68.346,1.868,70.215,
GP fit to all 24,low (SEM 4.97),GP-EI (batch),20,2,14,68.516,1.699,70.215,
GP fit to all 24,low (SEM 4.97),GP-EI (batch),20,3,18,69.239,0.976,70.215,1.868
GP fit to all 24,low (SEM 4.97),Four-role policy (deployed),20,0,6,47.445,22.77,70.215,
GP fit to all 24,low (SEM 4.97),Four-role policy (deployed),20,1,10,68.346,1.868,70.215,
GP fit to all 24,low (SEM 4.97),Four-role policy (deployed),20,2,14,68.346,1.868,70.215,
GP fit to all 24,low (SEM 4.97),Four-role policy (deployed),20,3,18,70.212,0.002,70.215,0.125
GP fit to all 24,low (SEM 4.97),Random (feasible),21,0,6,65.956,4.258,70.215,
GP fit to all 24,low (SEM 4.97),Random (feasible),21,1,10,65.956,4.258,70.215,
GP fit to all 24,low (SEM 4.97),Random (feasible),21,2,14,65.956,4.258,70.215,
GP fit to all 24,low (SEM 4.97),Random (feasible),21,3,18,65.956,4.258,70.215,4.258
GP fit to all 24,low (SEM 4.97),GP greedy (exploit only),21,0,6,65.956,4.258,70.215,
GP fit to all 24,low (SEM 4.97),GP greedy (exploit only),21,1,10,69.03,1.185,70.215,
GP fit to all 24,low (SEM 4.97),GP greedy (exploit only),21,2,14,69.03,1.185,70.215,
GP fit to all 24,low (SEM 4.97),GP greedy (exploit only),21,3,18,69.03,1.185,70.215,4.117
GP fit to all 24,low (SEM 4.97),"GP-UCB, kappa 2 (batch)",21,0,6,65.956,4.258,70.215,
GP fit to all 24,low (SEM 4.97),"GP-UCB, kappa 2 (batch)",21,1,10,69.833,0.382,70.215,
GP fit to all 24,low (SEM 4.97),"GP-UCB, kappa 2 (batch)",21,2,14,69.833,0.382,70.215,
GP fit to all 24,low (SEM 4.97),"GP-UCB, kappa 2 (batch)",21,3,18,69.833,0.382,70.215,1.105
GP fit to all 24,low (SEM 4.97),GP-EI (batch),21,0,6,65.956,4.258,70.215,
GP fit to all 24,low (SEM 4.97),GP-EI (batch),21,1,10,68.041,2.174,70.215,
GP fit to all 24,low (SEM 4.97),GP-EI (batch),21,2,14,68.041,2.174,70.215,
GP fit to all 24,low (SEM 4.97),GP-EI (batch),21,3,18,68.041,2.174,70.215,3.755
GP fit to all 24,low (SEM 4.97),Four-role policy (deployed),21,0,6,65.956,4.258,70.215,
GP fit to all 24,low (SEM 4.97),Four-role policy (deployed),21,1,10,69.03,1.185,70.215,
GP fit to all 24,low (SEM 4.97),Four-role policy (deployed),21,2,14,69.03,1.185,70.215,
GP fit to all 24,low (SEM 4.97),Four-role policy (deployed),21,3,18,69.03,1.185,70.215,1.747
GP fit to all 24,low (SEM 4.97),Random (feasible),22,0,6,64.158,6.057,70.215,
GP fit to all 24,low (SEM 4.97),Random (feasible),22,1,10,64.158,6.057,70.215,
GP fit to all 24,low (SEM 4.97),Random (feasible),22,2,14,64.158,6.057,70.215,
GP fit to all 24,low (SEM 4.97),Random (feasible),22,3,18,64.158,6.057,70.215,6.057
GP fit to all 24,low (SEM 4.97),GP greedy (exploit only),22,0,6,64.158,6.057,70.215,
GP fit to all 24,low (SEM 4.97),GP greedy (exploit only),22,1,10,64.158,6.057,70.215,
GP fit to all 24,low (SEM 4.97),GP greedy (exploit only),22,2,14,65.685,4.53,70.215,
GP fit to all 24,low (SEM 4.97),GP greedy (exploit only),22,3,18,67.885,2.33,70.215,4.53
GP fit to all 24,low (SEM 4.97),"GP-UCB, kappa 2 (batch)",22,0,6,64.158,6.057,70.215,
GP fit to all 24,low (SEM 4.97),"GP-UCB, kappa 2 (batch)",22,1,10,64.158,6.057,70.215,
GP fit to all 24,low (SEM 4.97),"GP-UCB, kappa 2 (batch)",22,2,14,64.466,5.749,70.215,
GP fit to all 24,low (SEM 4.97),"GP-UCB, kappa 2 (batch)",22,3,18,64.466,5.749,70.215,5.749
GP fit to all 24,low (SEM 4.97),GP-EI (batch),22,0,6,64.158,6.057,70.215,
GP fit to all 24,low (SEM 4.97),GP-EI (batch),22,1,10,64.158,6.057,70.215,
GP fit to all 24,low (SEM 4.97),GP-EI (batch),22,2,14,68.505,1.71,70.215,
GP fit to all 24,low (SEM 4.97),GP-EI (batch),22,3,18,69.0,1.215,70.215,3.244
GP fit to all 24,low (SEM 4.97),Four-role policy (deployed),22,0,6,64.158,6.057,70.215,
GP fit to all 24,low (SEM 4.97),Four-role policy (deployed),22,1,10,64.158,6.057,70.215,
GP fit to all 24,low (SEM 4.97),Four-role policy (deployed),22,2,14,68.047,2.168,70.215,
GP fit to all 24,low (SEM 4.97),Four-role policy (deployed),22,3,18,69.493,0.722,70.215,2.168
GP fit to all 24,low (SEM 4.97),Random (feasible),23,0,6,50.294,19.921,70.215,
GP fit to all 24,low (SEM 4.97),Random (feasible),23,1,10,53.071,17.144,70.215,
GP fit to all 24,low (SEM 4.97),Random (feasible),23,2,14,53.071,17.144,70.215,
GP fit to all 24,low (SEM 4.97),Random (feasible),23,3,18,53.071,17.144,70.215,17.144
GP fit to all 24,low (SEM 4.97),GP greedy (exploit only),23,0,6,50.294,19.921,70.215,
GP fit to all 24,low (SEM 4.97),GP greedy (exploit only),23,1,10,67.052,3.163,70.215,
GP fit to all 24,low (SEM 4.97),GP greedy (exploit only),23,2,14,67.052,3.163,70.215,
GP fit to all 24,low (SEM 4.97),GP greedy (exploit only),23,3,18,67.052,3.163,70.215,3.74
GP fit to all 24,low (SEM 4.97),"GP-UCB, kappa 2 (batch)",23,0,6,50.294,19.921,70.215,
GP fit to all 24,low (SEM 4.97),"GP-UCB, kappa 2 (batch)",23,1,10,68.459,1.756,70.215,
GP fit to all 24,low (SEM 4.97),"GP-UCB, kappa 2 (batch)",23,2,14,70.202,0.012,70.215,
GP fit to all 24,low (SEM 4.97),"GP-UCB, kappa 2 (batch)",23,3,18,70.202,0.012,70.215,0.382
GP fit to all 24,low (SEM 4.97),GP-EI (batch),23,0,6,50.294,19.921,70.215,
GP fit to all 24,low (SEM 4.97),GP-EI (batch),23,1,10,69.836,0.379,70.215,
GP fit to all 24,low (SEM 4.97),GP-EI (batch),23,2,14,69.836,0.379,70.215,
GP fit to all 24,low (SEM 4.97),GP-EI (batch),23,3,18,69.836,0.379,70.215,1.12
GP fit to all 24,low (SEM 4.97),Four-role policy (deployed),23,0,6,50.294,19.921,70.215,
GP fit to all 24,low (SEM 4.97),Four-role policy (deployed),23,1,10,62.09,8.124,70.215,
GP fit to all 24,low (SEM 4.97),Four-role policy (deployed),23,2,14,62.295,7.919,70.215,
GP fit to all 24,low (SEM 4.97),Four-role policy (deployed),23,3,18,66.456,3.759,70.215,3.759
GP fit to all 24,low (SEM 4.97),Random (feasible),24,0,6,58.923,11.292,70.215,
GP fit to all 24,low (SEM 4.97),Random (feasible),24,1,10,64.904,5.31,70.215,
GP fit to all 24,low (SEM 4.97),Random (feasible),24,2,14,64.904,5.31,70.215,
GP fit to all 24,low (SEM 4.97),Random (feasible),24,3,18,64.904,5.31,70.215,5.31
GP fit to all 24,low (SEM 4.97),GP greedy (exploit only),24,0,6,58.923,11.292,70.215,
GP fit to all 24,low (SEM 4.97),GP greedy (exploit only),24,1,10,58.923,11.292,70.215,
GP fit to all 24,low (SEM 4.97),GP greedy (exploit only),24,2,14,58.923,11.292,70.215,
GP fit to all 24,low (SEM 4.97),GP greedy (exploit only),24,3,18,66.327,3.888,70.215,3.888
GP fit to all 24,low (SEM 4.97),"GP-UCB, kappa 2 (batch)",24,0,6,58.923,11.292,70.215,
GP fit to all 24,low (SEM 4.97),"GP-UCB, kappa 2 (batch)",24,1,10,58.923,11.292,70.215,
GP fit to all 24,low (SEM 4.97),"GP-UCB, kappa 2 (batch)",24,2,14,58.923,11.292,70.215,
GP fit to all 24,low (SEM 4.97),"GP-UCB, kappa 2 (batch)",24,3,18,63.587,6.628,70.215,6.628
GP fit to all 24,low (SEM 4.97),GP-EI (batch),24,0,6,58.923,11.292,70.215,
GP fit to all 24,low (SEM 4.97),GP-EI (batch),24,1,10,58.923,11.292,70.215,
GP fit to all 24,low (SEM 4.97),GP-EI (batch),24,2,14,58.923,11.292,70.215,
GP fit to all 24,low (SEM 4.97),GP-EI (batch),24,3,18,58.923,11.292,70.215,11.292
GP fit to all 24,low (SEM 4.97),Four-role policy (deployed),24,0,6,58.923,11.292,70.215,
GP fit to all 24,low (SEM 4.97),Four-role policy (deployed),24,1,10,58.923,11.292,70.215,
GP fit to all 24,low (SEM 4.97),Four-role policy (deployed),24,2,14,58.923,11.292,70.215,
GP fit to all 24,low (SEM 4.97),Four-role policy (deployed),24,3,18,69.044,1.17,70.215,1.17
GP fit to all 24,low (SEM 4.97),Random (feasible),25,0,6,50.237,19.978,70.215,
GP fit to all 24,low (SEM 4.97),Random (feasible),25,1,10,67.86,2.355,70.215,
GP fit to all 24,low (SEM 4.97),Random (feasible),25,2,14,67.86,2.355,70.215,
GP fit to all 24,low (SEM 4.97),Random (feasible),25,3,18,67.86,2.355,70.215,4.533
GP fit to all 24,low (SEM 4.97),GP greedy (exploit only),25,0,6,50.237,19.978,70.215,
GP fit to all 24,low (SEM 4.97),GP greedy (exploit only),25,1,10,59.972,10.243,70.215,
GP fit to all 24,low (SEM 4.97),GP greedy (exploit only),25,2,14,66.206,4.009,70.215,
GP fit to all 24,low (SEM 4.97),GP greedy (exploit only),25,3,18,68.033,2.181,70.215,4.38
GP fit to all 24,low (SEM 4.97),"GP-UCB, kappa 2 (batch)",25,0,6,50.237,19.978,70.215,
GP fit to all 24,low (SEM 4.97),"GP-UCB, kappa 2 (batch)",25,1,10,59.972,10.243,70.215,
GP fit to all 24,low (SEM 4.97),"GP-UCB, kappa 2 (batch)",25,2,14,65.679,4.536,70.215,
GP fit to all 24,low (SEM 4.97),"GP-UCB, kappa 2 (batch)",25,3,18,69.03,1.185,70.215,3.255
GP fit to all 24,low (SEM 4.97),GP-EI (batch),25,0,6,50.237,19.978,70.215,
GP fit to all 24,low (SEM 4.97),GP-EI (batch),25,1,10,59.972,10.243,70.215,
GP fit to all 24,low (SEM 4.97),GP-EI (batch),25,2,14,66.206,4.009,70.215,
GP fit to all 24,low (SEM 4.97),GP-EI (batch),25,3,18,68.988,1.227,70.215,5.08
GP fit to all 24,low (SEM 4.97),Four-role policy (deployed),25,0,6,50.237,19.978,70.215,
GP fit to all 24,low (SEM 4.97),Four-role policy (deployed),25,1,10,59.972,10.243,70.215,
GP fit to all 24,low (SEM 4.97),Four-role policy (deployed),25,2,14,65.952,4.262,70.215,
GP fit to all 24,low (SEM 4.97),Four-role policy (deployed),25,3,18,69.185,1.03,70.215,3.748
GP fit to all 24,low (SEM 4.97),Random (feasible),26,0,6,50.105,20.11,70.215,
GP fit to all 24,low (SEM 4.97),Random (feasible),26,1,10,66.204,4.011,70.215,
GP fit to all 24,low (SEM 4.97),Random (feasible),26,2,14,66.204,4.011,70.215,
GP fit to all 24,low (SEM 4.97),Random (feasible),26,3,18,66.204,4.011,70.215,15.448
GP fit to all 24,low (SEM 4.97),GP greedy (exploit only),26,0,6,50.105,20.11,70.215,
GP fit to all 24,low (SEM 4.97),GP greedy (exploit only),26,1,10,52.672,17.543,70.215,
GP fit to all 24,low (SEM 4.97),GP greedy (exploit only),26,2,14,52.672,17.543,70.215,
GP fit to all 24,low (SEM 4.97),GP greedy (exploit only),26,3,18,53.654,16.561,70.215,20.11
GP fit to all 24,low (SEM 4.97),"GP-UCB, kappa 2 (batch)",26,0,6,50.105,20.11,70.215,
GP fit to all 24,low (SEM 4.97),"GP-UCB, kappa 2 (batch)",26,1,10,63.911,6.304,70.215,
GP fit to all 24,low (SEM 4.97),"GP-UCB, kappa 2 (batch)",26,2,14,65.66,4.555,70.215,
GP fit to all 24,low (SEM 4.97),"GP-UCB, kappa 2 (batch)",26,3,18,67.322,2.893,70.215,5.764
GP fit to all 24,low (SEM 4.97),GP-EI (batch),26,0,6,50.105,20.11,70.215,
GP fit to all 24,low (SEM 4.97),GP-EI (batch),26,1,10,57.877,12.338,70.215,
GP fit to all 24,low (SEM 4.97),GP-EI (batch),26,2,14,57.877,12.338,70.215,
GP fit to all 24,low (SEM 4.97),GP-EI (batch),26,3,18,64.904,5.31,70.215,6.303
GP fit to all 24,low (SEM 4.97),Four-role policy (deployed),26,0,6,50.105,20.11,70.215,
GP fit to all 24,low (SEM 4.97),Four-role policy (deployed),26,1,10,62.278,7.937,70.215,
GP fit to all 24,low (SEM 4.97),Four-role policy (deployed),26,2,14,66.102,4.112,70.215,
GP fit to all 24,low (SEM 4.97),Four-role policy (deployed),26,3,18,66.102,4.112,70.215,8.609
GP fit to all 24,low (SEM 4.97),Random (feasible),27,0,6,47.481,22.734,70.215,
GP fit to all 24,low (SEM 4.97),Random (feasible),27,1,10,47.481,22.734,70.215,
GP fit to all 24,low (SEM 4.97),Random (feasible),27,2,14,48.144,22.071,70.215,
GP fit to all 24,low (SEM 4.97),Random (feasible),27,3,18,66.461,3.754,70.215,3.754
GP fit to all 24,low (SEM 4.97),GP greedy (exploit only),27,0,6,47.481,22.734,70.215,
GP fit to all 24,low (SEM 4.97),GP greedy (exploit only),27,1,10,47.481,22.734,70.215,
GP fit to all 24,low (SEM 4.97),GP greedy (exploit only),27,2,14,47.76,22.455,70.215,
GP fit to all 24,low (SEM 4.97),GP greedy (exploit only),27,3,18,48.483,21.731,70.215,22.733
GP fit to all 24,low (SEM 4.97),"GP-UCB, kappa 2 (batch)",27,0,6,47.481,22.734,70.215,
GP fit to all 24,low (SEM 4.97),"GP-UCB, kappa 2 (batch)",27,1,10,47.684,22.531,70.215,
GP fit to all 24,low (SEM 4.97),"GP-UCB, kappa 2 (batch)",27,2,14,48.045,22.169,70.215,
GP fit to all 24,low (SEM 4.97),"GP-UCB, kappa 2 (batch)",27,3,18,48.242,21.973,70.215,22.663
GP fit to all 24,low (SEM 4.97),GP-EI (batch),27,0,6,47.481,22.734,70.215,
GP fit to all 24,low (SEM 4.97),GP-EI (batch),27,1,10,47.481,22.734,70.215,
GP fit to all 24,low (SEM 4.97),GP-EI (batch),27,2,14,48.045,22.169,70.215,
GP fit to all 24,low (SEM 4.97),GP-EI (batch),27,3,18,52.951,17.264,70.215,22.999
GP fit to all 24,low (SEM 4.97),Four-role policy (deployed),27,0,6,47.481,22.734,70.215,
GP fit to all 24,low (SEM 4.97),Four-role policy (deployed),27,1,10,47.481,22.734,70.215,
GP fit to all 24,low (SEM 4.97),Four-role policy (deployed),27,2,14,57.368,12.847,70.215,
GP fit to all 24,low (SEM 4.97),Four-role policy (deployed),27,3,18,70.203,0.011,70.215,0.011
GP fit to all 24,low (SEM 4.97),Random (feasible),28,0,6,55.896,14.319,70.215,
GP fit to all 24,low (SEM 4.97),Random (feasible),28,1,10,55.896,14.319,70.215,
GP fit to all 24,low (SEM 4.97),Random (feasible),28,2,14,65.608,4.606,70.215,
GP fit to all 24,low (SEM 4.97),Random (feasible),28,3,18,67.05,3.165,70.215,3.165
GP fit to all 24,low (SEM 4.97),GP greedy (exploit only),28,0,6,55.896,14.319,70.215,
GP fit to all 24,low (SEM 4.97),GP greedy (exploit only),28,1,10,62.27,7.944,70.215,
GP fit to all 24,low (SEM 4.97),GP greedy (exploit only),28,2,14,69.03,1.185,70.215,
GP fit to all 24,low (SEM 4.97),GP greedy (exploit only),28,3,18,69.03,1.185,70.215,5.083
GP fit to all 24,low (SEM 4.97),"GP-UCB, kappa 2 (batch)",28,0,6,55.896,14.319,70.215,
GP fit to all 24,low (SEM 4.97),"GP-UCB, kappa 2 (batch)",28,1,10,68.067,2.148,70.215,
GP fit to all 24,low (SEM 4.97),"GP-UCB, kappa 2 (batch)",28,2,14,68.067,2.148,70.215,
GP fit to all 24,low (SEM 4.97),"GP-UCB, kappa 2 (batch)",28,3,18,69.481,0.734,70.215,3.571
GP fit to all 24,low (SEM 4.97),GP-EI (batch),28,0,6,55.896,14.319,70.215,
GP fit to all 24,low (SEM 4.97),GP-EI (batch),28,1,10,67.591,2.624,70.215,
GP fit to all 24,low (SEM 4.97),GP-EI (batch),28,2,14,67.591,2.624,70.215,
GP fit to all 24,low (SEM 4.97),GP-EI (batch),28,3,18,69.046,1.169,70.215,1.169
GP fit to all 24,low (SEM 4.97),Four-role policy (deployed),28,0,6,55.896,14.319,70.215,
GP fit to all 24,low (SEM 4.97),Four-role policy (deployed),28,1,10,67.295,2.919,70.215,
GP fit to all 24,low (SEM 4.97),Four-role policy (deployed),28,2,14,69.095,1.12,70.215,
GP fit to all 24,low (SEM 4.97),Four-role policy (deployed),28,3,18,69.095,1.12,70.215,1.163
GP fit to all 24,low (SEM 4.97),Random (feasible),29,0,6,62.99,7.225,70.215,
GP fit to all 24,low (SEM 4.97),Random (feasible),29,1,10,66.342,3.873,70.215,
GP fit to all 24,low (SEM 4.97),Random (feasible),29,2,14,66.342,3.873,70.215,
GP fit to all 24,low (SEM 4.97),Random (feasible),29,3,18,66.342,3.873,70.215,7.225
GP fit to all 24,low (SEM 4.97),GP greedy (exploit only),29,0,6,62.99,7.225,70.215,
GP fit to all 24,low (SEM 4.97),GP greedy (exploit only),29,1,10,67.291,2.924,70.215,
GP fit to all 24,low (SEM 4.97),GP greedy (exploit only),29,2,14,69.505,0.71,70.215,
GP fit to all 24,low (SEM 4.97),GP greedy (exploit only),29,3,18,69.505,0.71,70.215,2.33
GP fit to all 24,low (SEM 4.97),"GP-UCB, kappa 2 (batch)",29,0,6,62.99,7.225,70.215,
GP fit to all 24,low (SEM 4.97),"GP-UCB, kappa 2 (batch)",29,1,10,67.322,2.893,70.215,
GP fit to all 24,low (SEM 4.97),"GP-UCB, kappa 2 (batch)",29,2,14,67.322,2.893,70.215,
GP fit to all 24,low (SEM 4.97),"GP-UCB, kappa 2 (batch)",29,3,18,69.005,1.21,70.215,1.21
GP fit to all 24,low (SEM 4.97),GP-EI (batch),29,0,6,62.99,7.225,70.215,
GP fit to all 24,low (SEM 4.97),GP-EI (batch),29,1,10,67.322,2.893,70.215,
GP fit to all 24,low (SEM 4.97),GP-EI (batch),29,2,14,69.005,1.21,70.215,
GP fit to all 24,low (SEM 4.97),GP-EI (batch),29,3,18,70.211,0.004,70.215,0.363
GP fit to all 24,low (SEM 4.97),Four-role policy (deployed),29,0,6,62.99,7.225,70.215,
GP fit to all 24,low (SEM 4.97),Four-role policy (deployed),29,1,10,67.322,2.893,70.215,
GP fit to all 24,low (SEM 4.97),Four-role policy (deployed),29,2,14,69.855,0.36,70.215,
GP fit to all 24,low (SEM 4.97),Four-role policy (deployed),29,3,18,70.212,0.002,70.215,0.36
GP fit to all 24,high (fitted 11.83),Random (feasible),0,0,6,50.251,19.963,70.215,
GP fit to all 24,high (fitted 11.83),Random (feasible),0,1,10,50.251,19.963,70.215,
GP fit to all 24,high (fitted 11.83),Random (feasible),0,2,14,50.251,19.963,70.215,
GP fit to all 24,high (fitted 11.83),Random (feasible),0,3,18,64.904,5.31,70.215,16.933
GP fit to all 24,high (fitted 11.83),GP greedy (exploit only),0,0,6,50.251,19.963,70.215,
GP fit to all 24,high (fitted 11.83),GP greedy (exploit only),0,1,10,50.251,19.963,70.215,
GP fit to all 24,high (fitted 11.83),GP greedy (exploit only),0,2,14,50.251,19.963,70.215,
GP fit to all 24,high (fitted 11.83),GP greedy (exploit only),0,3,18,52.445,17.769,70.215,27.272
GP fit to all 24,high (fitted 11.83),"GP-UCB, kappa 2 (batch)",0,0,6,50.251,19.963,70.215,
GP fit to all 24,high (fitted 11.83),"GP-UCB, kappa 2 (batch)",0,1,10,53.442,16.773,70.215,
GP fit to all 24,high (fitted 11.83),"GP-UCB, kappa 2 (batch)",0,2,14,53.442,16.773,70.215,
GP fit to all 24,high (fitted 11.83),"GP-UCB, kappa 2 (batch)",0,3,18,53.442,16.773,70.215,16.773
GP fit to all 24,high (fitted 11.83),GP-EI (batch),0,0,6,50.251,19.963,70.215,
GP fit to all 24,high (fitted 11.83),GP-EI (batch),0,1,10,50.251,19.963,70.215,
GP fit to all 24,high (fitted 11.83),GP-EI (batch),0,2,14,52.176,18.039,70.215,
GP fit to all 24,high (fitted 11.83),GP-EI (batch),0,3,18,52.793,17.422,70.215,22.704
GP fit to all 24,high (fitted 11.83),Four-role policy (deployed),0,0,6,50.251,19.963,70.215,
GP fit to all 24,high (fitted 11.83),Four-role policy (deployed),0,1,10,66.253,3.961,70.215,
GP fit to all 24,high (fitted 11.83),Four-role policy (deployed),0,2,14,66.253,3.961,70.215,
GP fit to all 24,high (fitted 11.83),Four-role policy (deployed),0,3,18,68.773,1.442,70.215,1.442
GP fit to all 24,high (fitted 11.83),Random (feasible),1,0,6,66.49,3.725,70.215,
GP fit to all 24,high (fitted 11.83),Random (feasible),1,1,10,66.49,3.725,70.215,
GP fit to all 24,high (fitted 11.83),Random (feasible),1,2,14,66.49,3.725,70.215,
GP fit to all 24,high (fitted 11.83),Random (feasible),1,3,18,70.205,0.01,70.215,3.725
GP fit to all 24,high (fitted 11.83),GP greedy (exploit only),1,0,6,66.49,3.725,70.215,
GP fit to all 24,high (fitted 11.83),GP greedy (exploit only),1,1,10,66.529,3.686,70.215,
GP fit to all 24,high (fitted 11.83),GP greedy (exploit only),1,2,14,66.529,3.686,70.215,
GP fit to all 24,high (fitted 11.83),GP greedy (exploit only),1,3,18,69.225,0.989,70.215,0.989
GP fit to all 24,high (fitted 11.83),"GP-UCB, kappa 2 (batch)",1,0,6,66.49,3.725,70.215,
GP fit to all 24,high (fitted 11.83),"GP-UCB, kappa 2 (batch)",1,1,10,66.49,3.725,70.215,
GP fit to all 24,high (fitted 11.83),"GP-UCB, kappa 2 (batch)",1,2,14,66.49,3.725,70.215,
GP fit to all 24,high (fitted 11.83),"GP-UCB, kappa 2 (batch)",1,3,18,70.086,0.129,70.215,0.129
GP fit to all 24,high (fitted 11.83),GP-EI (batch),1,0,6,66.49,3.725,70.215,
GP fit to all 24,high (fitted 11.83),GP-EI (batch),1,1,10,66.529,3.686,70.215,
GP fit to all 24,high (fitted 11.83),GP-EI (batch),1,2,14,66.529,3.686,70.215,
GP fit to all 24,high (fitted 11.83),GP-EI (batch),1,3,18,69.225,0.989,70.215,0.989
GP fit to all 24,high (fitted 11.83),Four-role policy (deployed),1,0,6,66.49,3.725,70.215,
GP fit to all 24,high (fitted 11.83),Four-role policy (deployed),1,1,10,66.49,3.725,70.215,
GP fit to all 24,high (fitted 11.83),Four-role policy (deployed),1,2,14,66.49,3.725,70.215,
GP fit to all 24,high (fitted 11.83),Four-role policy (deployed),1,3,18,66.49,3.725,70.215,3.725
GP fit to all 24,high (fitted 11.83),Random (feasible),2,0,6,68.773,1.442,70.215,
GP fit to all 24,high (fitted 11.83),Random (feasible),2,1,10,68.773,1.442,70.215,
GP fit to all 24,high (fitted 11.83),Random (feasible),2,2,14,68.773,1.442,70.215,
GP fit to all 24,high (fitted 11.83),Random (feasible),2,3,18,68.773,1.442,70.215,17.77
GP fit to all 24,high (fitted 11.83),GP greedy (exploit only),2,0,6,68.773,1.442,70.215,
GP fit to all 24,high (fitted 11.83),GP greedy (exploit only),2,1,10,68.773,1.442,70.215,
GP fit to all 24,high (fitted 11.83),GP greedy (exploit only),2,2,14,68.773,1.442,70.215,
GP fit to all 24,high (fitted 11.83),GP greedy (exploit only),2,3,18,70.205,0.01,70.215,0.989
GP fit to all 24,high (fitted 11.83),"GP-UCB, kappa 2 (batch)",2,0,6,68.773,1.442,70.215,
GP fit to all 24,high (fitted 11.83),"GP-UCB, kappa 2 (batch)",2,1,10,68.773,1.442,70.215,
GP fit to all 24,high (fitted 11.83),"GP-UCB, kappa 2 (batch)",2,2,14,68.773,1.442,70.215,
GP fit to all 24,high (fitted 11.83),"GP-UCB, kappa 2 (batch)",2,3,18,68.773,1.442,70.215,18.593
GP fit to all 24,high (fitted 11.83),GP-EI (batch),2,0,6,68.773,1.442,70.215,
GP fit to all 24,high (fitted 11.83),GP-EI (batch),2,1,10,68.773,1.442,70.215,
GP fit to all 24,high (fitted 11.83),GP-EI (batch),2,2,14,68.773,1.442,70.215,
GP fit to all 24,high (fitted 11.83),GP-EI (batch),2,3,18,70.205,0.01,70.215,0.989
GP fit to all 24,high (fitted 11.83),Four-role policy (deployed),2,0,6,68.773,1.442,70.215,
GP fit to all 24,high (fitted 11.83),Four-role policy (deployed),2,1,10,68.773,1.442,70.215,
GP fit to all 24,high (fitted 11.83),Four-role policy (deployed),2,2,14,68.773,1.442,70.215,
GP fit to all 24,high (fitted 11.83),Four-role policy (deployed),2,3,18,68.773,1.442,70.215,19.586
GP fit to all 24,high (fitted 11.83),Random (feasible),3,0,6,48.885,21.33,70.215,
GP fit to all 24,high (fitted 11.83),Random (feasible),3,1,10,68.994,1.22,70.215,
GP fit to all 24,high (fitted 11.83),Random (feasible),3,2,14,68.994,1.22,70.215,
GP fit to all 24,high (fitted 11.83),Random (feasible),3,3,18,68.994,1.22,70.215,1.22
GP fit to all 24,high (fitted 11.83),GP greedy (exploit only),3,0,6,48.885,21.33,70.215,
GP fit to all 24,high (fitted 11.83),GP greedy (exploit only),3,1,10,48.885,21.33,70.215,
GP fit to all 24,high (fitted 11.83),GP greedy (exploit only),3,2,14,48.885,21.33,70.215,
GP fit to all 24,high (fitted 11.83),GP greedy (exploit only),3,3,18,48.885,21.33,70.215,26.264
GP fit to all 24,high (fitted 11.83),"GP-UCB, kappa 2 (batch)",3,0,6,48.885,21.33,70.215,
GP fit to all 24,high (fitted 11.83),"GP-UCB, kappa 2 (batch)",3,1,10,48.885,21.33,70.215,
GP fit to all 24,high (fitted 11.83),"GP-UCB, kappa 2 (batch)",3,2,14,48.885,21.33,70.215,
GP fit to all 24,high (fitted 11.83),"GP-UCB, kappa 2 (batch)",3,3,18,48.885,21.33,70.215,26.264
GP fit to all 24,high (fitted 11.83),GP-EI (batch),3,0,6,48.885,21.33,70.215,
GP fit to all 24,high (fitted 11.83),GP-EI (batch),3,1,10,48.885,21.33,70.215,
GP fit to all 24,high (fitted 11.83),GP-EI (batch),3,2,14,48.885,21.33,70.215,
GP fit to all 24,high (fitted 11.83),GP-EI (batch),3,3,18,48.885,21.33,70.215,26.264
GP fit to all 24,high (fitted 11.83),Four-role policy (deployed),3,0,6,48.885,21.33,70.215,
GP fit to all 24,high (fitted 11.83),Four-role policy (deployed),3,1,10,62.24,7.975,70.215,
GP fit to all 24,high (fitted 11.83),Four-role policy (deployed),3,2,14,70.206,0.008,70.215,
GP fit to all 24,high (fitted 11.83),Four-role policy (deployed),3,3,18,70.206,0.008,70.215,0.008
GP fit to all 24,high (fitted 11.83),Random (feasible),4,0,6,62.949,7.266,70.215,
GP fit to all 24,high (fitted 11.83),Random (feasible),4,1,10,62.949,7.266,70.215,
GP fit to all 24,high (fitted 11.83),Random (feasible),4,2,14,62.949,7.266,70.215,
GP fit to all 24,high (fitted 11.83),Random (feasible),4,3,18,62.949,7.266,70.215,7.266
GP fit to all 24,high (fitted 11.83),GP greedy (exploit only),4,0,6,62.949,7.266,70.215,
GP fit to all 24,high (fitted 11.83),GP greedy (exploit only),4,1,10,65.216,4.999,70.215,
GP fit to all 24,high (fitted 11.83),GP greedy (exploit only),4,2,14,65.216,4.999,70.215,
GP fit to all 24,high (fitted 11.83),GP greedy (exploit only),4,3,18,67.277,2.938,70.215,2.938
GP fit to all 24,high (fitted 11.83),"GP-UCB, kappa 2 (batch)",4,0,6,62.949,7.266,70.215,
GP fit to all 24,high (fitted 11.83),"GP-UCB, kappa 2 (batch)",4,1,10,65.216,4.999,70.215,
GP fit to all 24,high (fitted 11.83),"GP-UCB, kappa 2 (batch)",4,2,14,67.049,3.166,70.215,
GP fit to all 24,high (fitted 11.83),"GP-UCB, kappa 2 (batch)",4,3,18,67.049,3.166,70.215,3.89
GP fit to all 24,high (fitted 11.83),GP-EI (batch),4,0,6,62.949,7.266,70.215,
GP fit to all 24,high (fitted 11.83),GP-EI (batch),4,1,10,65.216,4.999,70.215,
GP fit to all 24,high (fitted 11.83),GP-EI (batch),4,2,14,65.216,4.999,70.215,
GP fit to all 24,high (fitted 11.83),GP-EI (batch),4,3,18,67.534,2.681,70.215,16.135
GP fit to all 24,high (fitted 11.83),Four-role policy (deployed),4,0,6,62.949,7.266,70.215,
GP fit to all 24,high (fitted 11.83),Four-role policy (deployed),4,1,10,65.216,4.999,70.215,
GP fit to all 24,high (fitted 11.83),Four-role policy (deployed),4,2,14,65.216,4.999,70.215,
GP fit to all 24,high (fitted 11.83),Four-role policy (deployed),4,3,18,65.216,4.999,70.215,16.135
GP fit to all 24,high (fitted 11.83),Random (feasible),5,0,6,58.064,12.151,70.215,
GP fit to all 24,high (fitted 11.83),Random (feasible),5,1,10,58.369,11.846,70.215,
GP fit to all 24,high (fitted 11.83),Random (feasible),5,2,14,62.978,7.237,70.215,
GP fit to all 24,high (fitted 11.83),Random (feasible),5,3,18,66.204,4.011,70.215,11.846
GP fit to all 24,high (fitted 11.83),GP greedy (exploit only),5,0,6,58.064,12.151,70.215,
GP fit to all 24,high (fitted 11.83),GP greedy (exploit only),5,1,10,64.404,5.811,70.215,
GP fit to all 24,high (fitted 11.83),GP greedy (exploit only),5,2,14,67.591,2.624,70.215,
GP fit to all 24,high (fitted 11.83),GP greedy (exploit only),5,3,18,67.591,2.624,70.215,12.151
GP fit to all 24,high (fitted 11.83),"GP-UCB, kappa 2 (batch)",5,0,6,58.064,12.151,70.215,
GP fit to all 24,high (fitted 11.83),"GP-UCB, kappa 2 (batch)",5,1,10,64.857,5.358,70.215,
GP fit to all 24,high (fitted 11.83),"GP-UCB, kappa 2 (batch)",5,2,14,68.999,1.216,70.215,
GP fit to all 24,high (fitted 11.83),"GP-UCB, kappa 2 (batch)",5,3,18,69.048,1.167,70.215,1.167
GP fit to all 24,high (fitted 11.83),GP-EI (batch),5,0,6,58.064,12.151,70.215,
GP fit to all 24,high (fitted 11.83),GP-EI (batch),5,1,10,64.404,5.811,70.215,
GP fit to all 24,high (fitted 11.83),GP-EI (batch),5,2,14,64.404,5.811,70.215,
GP fit to all 24,high (fitted 11.83),GP-EI (batch),5,3,18,64.404,5.811,70.215,12.151
GP fit to all 24,high (fitted 11.83),Four-role policy (deployed),5,0,6,58.064,12.151,70.215,
GP fit to all 24,high (fitted 11.83),Four-role policy (deployed),5,1,10,64.404,5.811,70.215,
GP fit to all 24,high (fitted 11.83),Four-role policy (deployed),5,2,14,64.404,5.811,70.215,
GP fit to all 24,high (fitted 11.83),Four-role policy (deployed),5,3,18,64.404,5.811,70.215,7.883
GP fit to all 24,high (fitted 11.83),Random (feasible),6,0,6,47.76,22.455,70.215,
GP fit to all 24,high (fitted 11.83),Random (feasible),6,1,10,47.76,22.455,70.215,
GP fit to all 24,high (fitted 11.83),Random (feasible),6,2,14,47.795,22.419,70.215,
GP fit to all 24,high (fitted 11.83),Random (feasible),6,3,18,47.795,22.419,70.215,25.221
GP fit to all 24,high (fitted 11.83),GP greedy (exploit only),6,0,6,47.76,22.455,70.215,
GP fit to all 24,high (fitted 11.83),GP greedy (exploit only),6,1,10,48.917,21.298,70.215,
GP fit to all 24,high (fitted 11.83),GP greedy (exploit only),6,2,14,48.917,21.298,70.215,
GP fit to all 24,high (fitted 11.83),GP greedy (exploit only),6,3,18,52.02,18.195,70.215,22.097
GP fit to all 24,high (fitted 11.83),"GP-UCB, kappa 2 (batch)",6,0,6,47.76,22.455,70.215,
GP fit to all 24,high (fitted 11.83),"GP-UCB, kappa 2 (batch)",6,1,10,48.917,21.298,70.215,
GP fit to all 24,high (fitted 11.83),"GP-UCB, kappa 2 (batch)",6,2,14,52.02,18.195,70.215,
GP fit to all 24,high (fitted 11.83),"GP-UCB, kappa 2 (batch)",6,3,18,52.02,18.195,70.215,22.097
GP fit to all 24,high (fitted 11.83),GP-EI (batch),6,0,6,47.76,22.455,70.215,
GP fit to all 24,high (fitted 11.83),GP-EI (batch),6,1,10,48.917,21.298,70.215,
GP fit to all 24,high (fitted 11.83),GP-EI (batch),6,2,14,48.917,21.298,70.215,
GP fit to all 24,high (fitted 11.83),GP-EI (batch),6,3,18,48.917,21.298,70.215,22.097
GP fit to all 24,high (fitted 11.83),Four-role policy (deployed),6,0,6,47.76,22.455,70.215,
GP fit to all 24,high (fitted 11.83),Four-role policy (deployed),6,1,10,48.917,21.298,70.215,
GP fit to all 24,high (fitted 11.83),Four-role policy (deployed),6,2,14,48.917,21.298,70.215,
GP fit to all 24,high (fitted 11.83),Four-role policy (deployed),6,3,18,61.609,8.605,70.215,22.097
GP fit to all 24,high (fitted 11.83),Random (feasible),7,0,6,58.025,12.189,70.215,
GP fit to all 24,high (fitted 11.83),Random (feasible),7,1,10,61.886,8.329,70.215,
GP fit to all 24,high (fitted 11.83),Random (feasible),7,2,14,61.886,8.329,70.215,
GP fit to all 24,high (fitted 11.83),Random (feasible),7,3,18,61.886,8.329,70.215,8.329
GP fit to all 24,high (fitted 11.83),GP greedy (exploit only),7,0,6,58.025,12.189,70.215,
GP fit to all 24,high (fitted 11.83),GP greedy (exploit only),7,1,10,58.025,12.189,70.215,
GP fit to all 24,high (fitted 11.83),GP greedy (exploit only),7,2,14,66.527,3.688,70.215,
GP fit to all 24,high (fitted 11.83),GP greedy (exploit only),7,3,18,66.527,3.688,70.215,4.892
GP fit to all 24,high (fitted 11.83),"GP-UCB, kappa 2 (batch)",7,0,6,58.025,12.189,70.215,
GP fit to all 24,high (fitted 11.83),"GP-UCB, kappa 2 (batch)",7,1,10,66.527,3.688,70.215,
GP fit to all 24,high (fitted 11.83),"GP-UCB, kappa 2 (batch)",7,2,14,66.527,3.688,70.215,
GP fit to all 24,high (fitted 11.83),"GP-UCB, kappa 2 (batch)",7,3,18,66.527,3.688,70.215,12.577
GP fit to all 24,high (fitted 11.83),GP-EI (batch),7,0,6,58.025,12.189,70.215,
GP fit to all 24,high (fitted 11.83),GP-EI (batch),7,1,10,62.73,7.484,70.215,
GP fit to all 24,high (fitted 11.83),GP-EI (batch),7,2,14,65.766,4.448,70.215,
GP fit to all 24,high (fitted 11.83),GP-EI (batch),7,3,18,69.17,1.044,70.215,1.197
GP fit to all 24,high (fitted 11.83),Four-role policy (deployed),7,0,6,58.025,12.189,70.215,
GP fit to all 24,high (fitted 11.83),Four-role policy (deployed),7,1,10,58.025,12.189,70.215,
GP fit to all 24,high (fitted 11.83),Four-role policy (deployed),7,2,14,58.025,12.189,70.215,
GP fit to all 24,high (fitted 11.83),Four-role policy (deployed),7,3,18,58.025,12.189,70.215,24.064
GP fit to all 24,high (fitted 11.83),Random (feasible),8,0,6,66.492,3.723,70.215,
GP fit to all 24,high (fitted 11.83),Random (feasible),8,1,10,66.492,3.723,70.215,
GP fit to all 24,high (fitted 11.83),Random (feasible),8,2,14,66.492,3.723,70.215,
GP fit to all 24,high (fitted 11.83),Random (feasible),8,3,18,66.492,3.723,70.215,5.358
GP fit to all 24,high (fitted 11.83),GP greedy (exploit only),8,0,6,66.492,3.723,70.215,
GP fit to all 24,high (fitted 11.83),GP greedy (exploit only),8,1,10,69.225,0.989,70.215,
GP fit to all 24,high (fitted 11.83),GP greedy (exploit only),8,2,14,69.225,0.989,70.215,
GP fit to all 24,high (fitted 11.83),GP greedy (exploit only),8,3,18,70.215,0.0,70.215,3.728
GP fit to all 24,high (fitted 11.83),"GP-UCB, kappa 2 (batch)",8,0,6,66.492,3.723,70.215,
GP fit to all 24,high (fitted 11.83),"GP-UCB, kappa 2 (batch)",8,1,10,66.492,3.723,70.215,
GP fit to all 24,high (fitted 11.83),"GP-UCB, kappa 2 (batch)",8,2,14,66.492,3.723,70.215,
GP fit to all 24,high (fitted 11.83),"GP-UCB, kappa 2 (batch)",8,3,18,66.492,3.723,70.215,21.433
GP fit to all 24,high (fitted 11.83),GP-EI (batch),8,0,6,66.492,3.723,70.215,
GP fit to all 24,high (fitted 11.83),GP-EI (batch),8,1,10,66.492,3.723,70.215,
GP fit to all 24,high (fitted 11.83),GP-EI (batch),8,2,14,66.667,3.547,70.215,
GP fit to all 24,high (fitted 11.83),GP-EI (batch),8,3,18,69.855,0.36,70.215,8.45
GP fit to all 24,high (fitted 11.83),Four-role policy (deployed),8,0,6,66.492,3.723,70.215,
GP fit to all 24,high (fitted 11.83),Four-role policy (deployed),8,1,10,66.492,3.723,70.215,
GP fit to all 24,high (fitted 11.83),Four-role policy (deployed),8,2,14,66.492,3.723,70.215,
GP fit to all 24,high (fitted 11.83),Four-role policy (deployed),8,3,18,68.695,1.52,70.215,3.728
GP fit to all 24,high (fitted 11.83),Random (feasible),9,0,6,51.291,18.924,70.215,
GP fit to all 24,high (fitted 11.83),Random (feasible),9,1,10,51.291,18.924,70.215,
GP fit to all 24,high (fitted 11.83),Random (feasible),9,2,14,59.461,10.754,70.215,
GP fit to all 24,high (fitted 11.83),Random (feasible),9,3,18,59.461,10.754,70.215,30.194
GP fit to all 24,high (fitted 11.83),GP greedy (exploit only),9,0,6,51.291,18.924,70.215,
GP fit to all 24,high (fitted 11.83),GP greedy (exploit only),9,1,10,51.291,18.924,70.215,
GP fit to all 24,high (fitted 11.83),GP greedy (exploit only),9,2,14,51.291,18.924,70.215,
GP fit to all 24,high (fitted 11.83),GP greedy (exploit only),9,3,18,51.291,18.924,70.215,30.194
GP fit to all 24,high (fitted 11.83),"GP-UCB, kappa 2 (batch)",9,0,6,51.291,18.924,70.215,
GP fit to all 24,high (fitted 11.83),"GP-UCB, kappa 2 (batch)",9,1,10,53.438,16.777,70.215,
GP fit to all 24,high (fitted 11.83),"GP-UCB, kappa 2 (batch)",9,2,14,53.438,16.777,70.215,
GP fit to all 24,high (fitted 11.83),"GP-UCB, kappa 2 (batch)",9,3,18,53.438,16.777,70.215,30.194
GP fit to all 24,high (fitted 11.83),GP-EI (batch),9,0,6,51.291,18.924,70.215,
GP fit to all 24,high (fitted 11.83),GP-EI (batch),9,1,10,51.291,18.924,70.215,
GP fit to all 24,high (fitted 11.83),GP-EI (batch),9,2,14,51.291,18.924,70.215,
GP fit to all 24,high (fitted 11.83),GP-EI (batch),9,3,18,51.291,18.924,70.215,30.194
GP fit to all 24,high (fitted 11.83),Four-role policy (deployed),9,0,6,51.291,18.924,70.215,
GP fit to all 24,high (fitted 11.83),Four-role policy (deployed),9,1,10,53.438,16.777,70.215,
GP fit to all 24,high (fitted 11.83),Four-role policy (deployed),9,2,14,68.727,1.488,70.215,
GP fit to all 24,high (fitted 11.83),Four-role policy (deployed),9,3,18,68.727,1.488,70.215,30.194
GP fit to all 24,high (fitted 11.83),Random (feasible),10,0,6,68.505,1.71,70.215,
GP fit to all 24,high (fitted 11.83),Random (feasible),10,1,10,68.505,1.71,70.215,
GP fit to all 24,high (fitted 11.83),Random (feasible),10,2,14,68.505,1.71,70.215,
GP fit to all 24,high (fitted 11.83),Random (feasible),10,3,18,68.505,1.71,70.215,8.934
GP fit to all 24,high (fitted 11.83),GP greedy (exploit only),10,0,6,68.505,1.71,70.215,
GP fit to all 24,high (fitted 11.83),GP greedy (exploit only),10,1,10,68.505,1.71,70.215,
GP fit to all 24,high (fitted 11.83),GP greedy (exploit only),10,2,14,68.505,1.71,70.215,
GP fit to all 24,high (fitted 11.83),GP greedy (exploit only),10,3,18,69.18,1.034,70.215,1.034
GP fit to all 24,high (fitted 11.83),"GP-UCB, kappa 2 (batch)",10,0,6,68.505,1.71,70.215,
GP fit to all 24,high (fitted 11.83),"GP-UCB, kappa 2 (batch)",10,1,10,68.505,1.71,70.215,
GP fit to all 24,high (fitted 11.83),"GP-UCB, kappa 2 (batch)",10,2,14,69.84,0.375,70.215,
GP fit to all 24,high (fitted 11.83),"GP-UCB, kappa 2 (batch)",10,3,18,69.84,0.375,70.215,1.43
GP fit to all 24,high (fitted 11.83),GP-EI (batch),10,0,6,68.505,1.71,70.215,
GP fit to all 24,high (fitted 11.83),GP-EI (batch),10,1,10,68.505,1.71,70.215,
GP fit to all 24,high (fitted 11.83),GP-EI (batch),10,2,14,69.853,0.361,70.215,
GP fit to all 24,high (fitted 11.83),GP-EI (batch),10,3,18,69.853,0.361,70.215,0.361
GP fit to all 24,high (fitted 11.83),Four-role policy (deployed),10,0,6,68.505,1.71,70.215,
GP fit to all 24,high (fitted 11.83),Four-role policy (deployed),10,1,10,68.505,1.71,70.215,
GP fit to all 24,high (fitted 11.83),Four-role policy (deployed),10,2,14,70.081,0.134,70.215,
GP fit to all 24,high (fitted 11.83),Four-role policy (deployed),10,3,18,70.081,0.134,70.215,0.134
GP fit to all 24,high (fitted 11.83),Random (feasible),11,0,6,45.82,24.394,70.215,
GP fit to all 24,high (fitted 11.83),Random (feasible),11,1,10,47.833,22.381,70.215,
GP fit to all 24,high (fitted 11.83),Random (feasible),11,2,14,58.025,12.189,70.215,
GP fit to all 24,high (fitted 11.83),Random (feasible),11,3,18,68.468,1.747,70.215,1.747
GP fit to all 24,high (fitted 11.83),GP greedy (exploit only),11,0,6,45.82,24.394,70.215,
GP fit to all 24,high (fitted 11.83),GP greedy (exploit only),11,1,10,46.525,23.69,70.215,
GP fit to all 24,high (fitted 11.83),GP greedy (exploit only),11,2,14,61.192,9.023,70.215,
GP fit to all 24,high (fitted 11.83),GP greedy (exploit only),11,3,18,65.26,4.955,70.215,21.275
GP fit to all 24,high (fitted 11.83),"GP-UCB, kappa 2 (batch)",11,0,6,45.82,24.394,70.215,
GP fit to all 24,high (fitted 11.83),"GP-UCB, kappa 2 (batch)",11,1,10,47.845,22.369,70.215,
GP fit to all 24,high (fitted 11.83),"GP-UCB, kappa 2 (batch)",11,2,14,66.098,4.117,70.215,
GP fit to all 24,high (fitted 11.83),"GP-UCB, kappa 2 (batch)",11,3,18,66.098,4.117,70.215,21.745
GP fit to all 24,high (fitted 11.83),GP-EI (batch),11,0,6,45.82,24.394,70.215,
GP fit to all 24,high (fitted 11.83),GP-EI (batch),11,1,10,47.845,22.369,70.215,
GP fit to all 24,high (fitted 11.83),GP-EI (batch),11,2,14,58.144,12.07,70.215,
GP fit to all 24,high (fitted 11.83),GP-EI (batch),11,3,18,68.47,1.745,70.215,1.745
GP fit to all 24,high (fitted 11.83),Four-role policy (deployed),11,0,6,45.82,24.394,70.215,
GP fit to all 24,high (fitted 11.83),Four-role policy (deployed),11,1,10,46.525,23.69,70.215,
GP fit to all 24,high (fitted 11.83),Four-role policy (deployed),11,2,14,68.338,1.877,70.215,
GP fit to all 24,high (fitted 11.83),Four-role policy (deployed),11,3,18,68.338,1.877,70.215,1.877
GP fit to all 24,high (fitted 11.83),Random (feasible),12,0,6,59.464,10.751,70.215,
GP fit to all 24,high (fitted 11.83),Random (feasible),12,1,10,69.001,1.214,70.215,
GP fit to all 24,high (fitted 11.83),Random (feasible),12,2,14,69.001,1.214,70.215,
GP fit to all 24,high (fitted 11.83),Random (feasible),12,3,18,69.001,1.214,70.215,4.954
GP fit to all 24,high (fitted 11.83),GP greedy (exploit only),12,0,6,59.464,10.751,70.215,
GP fit to all 24,high (fitted 11.83),GP greedy (exploit only),12,1,10,59.464,10.751,70.215,
GP fit to all 24,high (fitted 11.83),GP greedy (exploit only),12,2,14,59.464,10.751,70.215,
GP fit to all 24,high (fitted 11.83),GP greedy (exploit only),12,3,18,59.464,10.751,70.215,15.996
GP fit to all 24,high (fitted 11.83),"GP-UCB, kappa 2 (batch)",12,0,6,59.464,10.751,70.215,
GP fit to all 24,high (fitted 11.83),"GP-UCB, kappa 2 (batch)",12,1,10,66.222,3.993,70.215,
GP fit to all 24,high (fitted 11.83),"GP-UCB, kappa 2 (batch)",12,2,14,66.222,3.993,70.215,
GP fit to all 24,high (fitted 11.83),"GP-UCB, kappa 2 (batch)",12,3,18,66.222,3.993,70.215,20.272
GP fit to all 24,high (fitted 11.83),GP-EI (batch),12,0,6,59.464,10.751,70.215,
GP fit to all 24,high (fitted 11.83),GP-EI (batch),12,1,10,65.892,4.323,70.215,
GP fit to all 24,high (fitted 11.83),GP-EI (batch),12,2,14,68.062,2.152,70.215,
GP fit to all 24,high (fitted 11.83),GP-EI (batch),12,3,18,68.062,2.152,70.215,5.812
GP fit to all 24,high (fitted 11.83),Four-role policy (deployed),12,0,6,59.464,10.751,70.215,
GP fit to all 24,high (fitted 11.83),Four-role policy (deployed),12,1,10,59.464,10.751,70.215,
GP fit to all 24,high (fitted 11.83),Four-role policy (deployed),12,2,14,59.464,10.751,70.215,
GP fit to all 24,high (fitted 11.83),Four-role policy (deployed),12,3,18,59.464,10.751,70.215,21.244
GP fit to all 24,high (fitted 11.83),Random (feasible),13,0,6,66.253,3.961,70.215,
GP fit to all 24,high (fitted 11.83),Random (feasible),13,1,10,68.78,1.435,70.215,
GP fit to all 24,high (fitted 11.83),Random (feasible),13,2,14,68.78,1.435,70.215,
GP fit to all 24,high (fitted 11.83),Random (feasible),13,3,18,68.78,1.435,70.215,22.305
GP fit to all 24,high (fitted 11.83),GP greedy (exploit only),13,0,6,66.253,3.961,70.215,
GP fit to all 24,high (fitted 11.83),GP greedy (exploit only),13,1,10,66.253,3.961,70.215,
GP fit to all 24,high (fitted 11.83),GP greedy (exploit only),13,2,14,66.253,3.961,70.215,
GP fit to all 24,high (fitted 11.83),GP greedy (exploit only),13,3,18,70.076,0.139,70.215,1.034
GP fit to all 24,high (fitted 11.83),"GP-UCB, kappa 2 (batch)",13,0,6,66.253,3.961,70.215,
GP fit to all 24,high (fitted 11.83),"GP-UCB, kappa 2 (batch)",13,1,10,67.322,2.893,70.215,
GP fit to all 24,high (fitted 11.83),"GP-UCB, kappa 2 (batch)",13,2,14,67.591,2.624,70.215,
GP fit to all 24,high (fitted 11.83),"GP-UCB, kappa 2 (batch)",13,3,18,67.591,2.624,70.215,3.89
GP fit to all 24,high (fitted 11.83),GP-EI (batch),13,0,6,66.253,3.961,70.215,
GP fit to all 24,high (fitted 11.83),GP-EI (batch),13,1,10,66.253,3.961,70.215,
GP fit to all 24,high (fitted 11.83),GP-EI (batch),13,2,14,69.489,0.726,70.215,
GP fit to all 24,high (fitted 11.83),GP-EI (batch),13,3,18,69.489,0.726,70.215,20.427
GP fit to all 24,high (fitted 11.83),Four-role policy (deployed),13,0,6,66.253,3.961,70.215,
GP fit to all 24,high (fitted 11.83),Four-role policy (deployed),13,1,10,66.253,3.961,70.215,
GP fit to all 24,high (fitted 11.83),Four-role policy (deployed),13,2,14,66.253,3.961,70.215,
GP fit to all 24,high (fitted 11.83),Four-role policy (deployed),13,3,18,66.253,3.961,70.215,13.104
GP fit to all 24,high (fitted 11.83),Random (feasible),14,0,6,54.443,15.771,70.215,
GP fit to all 24,high (fitted 11.83),Random (feasible),14,1,10,54.766,15.448,70.215,
GP fit to all 24,high (fitted 11.83),Random (feasible),14,2,14,66.209,4.006,70.215,
GP fit to all 24,high (fitted 11.83),Random (feasible),14,3,18,66.209,4.006,70.215,15.448
GP fit to all 24,high (fitted 11.83),GP greedy (exploit only),14,0,6,54.443,15.771,70.215,
GP fit to all 24,high (fitted 11.83),GP greedy (exploit only),14,1,10,54.443,15.771,70.215,
GP fit to all 24,high (fitted 11.83),GP greedy (exploit only),14,2,14,59.074,11.141,70.215,
GP fit to all 24,high (fitted 11.83),GP greedy (exploit only),14,3,18,67.298,2.916,70.215,19.392
GP fit to all 24,high (fitted 11.83),"GP-UCB, kappa 2 (batch)",14,0,6,54.443,15.771,70.215,
GP fit to all 24,high (fitted 11.83),"GP-UCB, kappa 2 (batch)",14,1,10,55.566,14.649,70.215,
GP fit to all 24,high (fitted 11.83),"GP-UCB, kappa 2 (batch)",14,2,14,63.651,6.564,70.215,
GP fit to all 24,high (fitted 11.83),"GP-UCB, kappa 2 (batch)",14,3,18,68.346,1.868,70.215,11.739
GP fit to all 24,high (fitted 11.83),GP-EI (batch),14,0,6,54.443,15.771,70.215,
GP fit to all 24,high (fitted 11.83),GP-EI (batch),14,1,10,54.555,15.66,70.215,
GP fit to all 24,high (fitted 11.83),GP-EI (batch),14,2,14,54.555,15.66,70.215,
GP fit to all 24,high (fitted 11.83),GP-EI (batch),14,3,18,54.555,15.66,70.215,22.444
GP fit to all 24,high (fitted 11.83),Four-role policy (deployed),14,0,6,54.443,15.771,70.215,
GP fit to all 24,high (fitted 11.83),Four-role policy (deployed),14,1,10,65.66,4.555,70.215,
GP fit to all 24,high (fitted 11.83),Four-role policy (deployed),14,2,14,65.66,4.555,70.215,
GP fit to all 24,high (fitted 11.83),Four-role policy (deployed),14,3,18,65.66,4.555,70.215,6.646
GP fit to all 24,high (fitted 11.83),Random (feasible),15,0,6,68.985,1.23,70.215,
GP fit to all 24,high (fitted 11.83),Random (feasible),15,1,10,68.985,1.23,70.215,
GP fit to all 24,high (fitted 11.83),Random (feasible),15,2,14,68.985,1.23,70.215,
GP fit to all 24,high (fitted 11.83),Random (feasible),15,3,18,68.985,1.23,70.215,5.313
GP fit to all 24,high (fitted 11.83),GP greedy (exploit only),15,0,6,68.985,1.23,70.215,
GP fit to all 24,high (fitted 11.83),GP greedy (exploit only),15,1,10,68.985,1.23,70.215,
GP fit to all 24,high (fitted 11.83),GP greedy (exploit only),15,2,14,68.985,1.23,70.215,
GP fit to all 24,high (fitted 11.83),GP greedy (exploit only),15,3,18,68.985,1.23,70.215,1.23
GP fit to all 24,high (fitted 11.83),"GP-UCB, kappa 2 (batch)",15,0,6,68.985,1.23,70.215,
GP fit to all 24,high (fitted 11.83),"GP-UCB, kappa 2 (batch)",15,1,10,70.197,0.018,70.215,
GP fit to all 24,high (fitted 11.83),"GP-UCB, kappa 2 (batch)",15,2,14,70.197,0.018,70.215,
GP fit to all 24,high (fitted 11.83),"GP-UCB, kappa 2 (batch)",15,3,18,70.197,0.018,70.215,5.771
GP fit to all 24,high (fitted 11.83),GP-EI (batch),15,0,6,68.985,1.23,70.215,
GP fit to all 24,high (fitted 11.83),GP-EI (batch),15,1,10,70.074,0.141,70.215,
GP fit to all 24,high (fitted 11.83),GP-EI (batch),15,2,14,70.074,0.141,70.215,
GP fit to all 24,high (fitted 11.83),GP-EI (batch),15,3,18,70.074,0.141,70.215,0.141
GP fit to all 24,high (fitted 11.83),Four-role policy (deployed),15,0,6,68.985,1.23,70.215,
GP fit to all 24,high (fitted 11.83),Four-role policy (deployed),15,1,10,68.985,1.23,70.215,
GP fit to all 24,high (fitted 11.83),Four-role policy (deployed),15,2,14,68.985,1.23,70.215,
GP fit to all 24,high (fitted 11.83),Four-role policy (deployed),15,3,18,68.985,1.23,70.215,4.555
GP fit to all 24,high (fitted 11.83),Random (feasible),16,0,6,70.205,0.01,70.215,
GP fit to all 24,high (fitted 11.83),Random (feasible),16,1,10,70.205,0.01,70.215,
GP fit to all 24,high (fitted 11.83),Random (feasible),16,2,14,70.205,0.01,70.215,
GP fit to all 24,high (fitted 11.83),Random (feasible),16,3,18,70.205,0.01,70.215,4.877
GP fit to all 24,high (fitted 11.83),GP greedy (exploit only),16,0,6,70.205,0.01,70.215,
GP fit to all 24,high (fitted 11.83),GP greedy (exploit only),16,1,10,70.205,0.01,70.215,
GP fit to all 24,high (fitted 11.83),GP greedy (exploit only),16,2,14,70.205,0.01,70.215,
GP fit to all 24,high (fitted 11.83),GP greedy (exploit only),16,3,18,70.205,0.01,70.215,4.877
GP fit to all 24,high (fitted 11.83),"GP-UCB, kappa 2 (batch)",16,0,6,70.205,0.01,70.215,
GP fit to all 24,high (fitted 11.83),"GP-UCB, kappa 2 (batch)",16,1,10,70.205,0.01,70.215,
GP fit to all 24,high (fitted 11.83),"GP-UCB, kappa 2 (batch)",16,2,14,70.205,0.01,70.215,
GP fit to all 24,high (fitted 11.83),"GP-UCB, kappa 2 (batch)",16,3,18,70.205,0.01,70.215,4.877
GP fit to all 24,high (fitted 11.83),GP-EI (batch),16,0,6,70.205,0.01,70.215,
GP fit to all 24,high (fitted 11.83),GP-EI (batch),16,1,10,70.205,0.01,70.215,
GP fit to all 24,high (fitted 11.83),GP-EI (batch),16,2,14,70.205,0.01,70.215,
GP fit to all 24,high (fitted 11.83),GP-EI (batch),16,3,18,70.205,0.01,70.215,4.877
GP fit to all 24,high (fitted 11.83),Four-role policy (deployed),16,0,6,70.205,0.01,70.215,
GP fit to all 24,high (fitted 11.83),Four-role policy (deployed),16,1,10,70.205,0.01,70.215,
GP fit to all 24,high (fitted 11.83),Four-role policy (deployed),16,2,14,70.205,0.01,70.215,
GP fit to all 24,high (fitted 11.83),Four-role policy (deployed),16,3,18,70.205,0.01,70.215,4.877
GP fit to all 24,high (fitted 11.83),Random (feasible),17,0,6,48.714,21.501,70.215,
GP fit to all 24,high (fitted 11.83),Random (feasible),17,1,10,62.486,7.729,70.215,
GP fit to all 24,high (fitted 11.83),Random (feasible),17,2,14,69.051,1.163,70.215,
GP fit to all 24,high (fitted 11.83),Random (feasible),17,3,18,69.051,1.163,70.215,7.729
GP fit to all 24,high (fitted 11.83),GP greedy (exploit only),17,0,6,48.714,21.501,70.215,
GP fit to all 24,high (fitted 11.83),GP greedy (exploit only),17,1,10,48.714,21.501,70.215,
GP fit to all 24,high (fitted 11.83),GP greedy (exploit only),17,2,14,52.531,17.683,70.215,
GP fit to all 24,high (fitted 11.83),GP greedy (exploit only),17,3,18,62.156,8.058,70.215,23.213
GP fit to all 24,high (fitted 11.83),"GP-UCB, kappa 2 (batch)",17,0,6,48.714,21.501,70.215,
GP fit to all 24,high (fitted 11.83),"GP-UCB, kappa 2 (batch)",17,1,10,52.79,17.425,70.215,
GP fit to all 24,high (fitted 11.83),"GP-UCB, kappa 2 (batch)",17,2,14,65.831,4.384,70.215,
GP fit to all 24,high (fitted 11.83),"GP-UCB, kappa 2 (batch)",17,3,18,65.831,4.384,70.215,17.425
GP fit to all 24,high (fitted 11.83),GP-EI (batch),17,0,6,48.714,21.501,70.215,
GP fit to all 24,high (fitted 11.83),GP-EI (batch),17,1,10,56.083,14.131,70.215,
GP fit to all 24,high (fitted 11.83),GP-EI (batch),17,2,14,56.083,14.131,70.215,
GP fit to all 24,high (fitted 11.83),GP-EI (batch),17,3,18,56.083,14.131,70.215,21.654
GP fit to all 24,high (fitted 11.83),Four-role policy (deployed),17,0,6,48.714,21.501,70.215,
GP fit to all 24,high (fitted 11.83),Four-role policy (deployed),17,1,10,50.911,19.304,70.215,
GP fit to all 24,high (fitted 11.83),Four-role policy (deployed),17,2,14,52.148,18.066,70.215,
GP fit to all 24,high (fitted 11.83),Four-role policy (deployed),17,3,18,52.148,18.066,70.215,23.43
GP fit to all 24,high (fitted 11.83),Random (feasible),18,0,6,69.009,1.206,70.215,
GP fit to all 24,high (fitted 11.83),Random (feasible),18,1,10,69.485,0.73,70.215,
GP fit to all 24,high (fitted 11.83),Random (feasible),18,2,14,69.485,0.73,70.215,
GP fit to all 24,high (fitted 11.83),Random (feasible),18,3,18,69.485,0.73,70.215,2.338
GP fit to all 24,high (fitted 11.83),GP greedy (exploit only),18,0,6,69.009,1.206,70.215,
GP fit to all 24,high (fitted 11.83),GP greedy (exploit only),18,1,10,69.481,0.734,70.215,
GP fit to all 24,high (fitted 11.83),GP greedy (exploit only),18,2,14,69.481,0.734,70.215,
GP fit to all 24,high (fitted 11.83),GP greedy (exploit only),18,3,18,69.481,0.734,70.215,2.338
GP fit to all 24,high (fitted 11.83),"GP-UCB, kappa 2 (batch)",18,0,6,69.009,1.206,70.215,
GP fit to all 24,high (fitted 11.83),"GP-UCB, kappa 2 (batch)",18,1,10,69.009,1.206,70.215,
GP fit to all 24,high (fitted 11.83),"GP-UCB, kappa 2 (batch)",18,2,14,69.009,1.206,70.215,
GP fit to all 24,high (fitted 11.83),"GP-UCB, kappa 2 (batch)",18,3,18,69.046,1.169,70.215,1.514
GP fit to all 24,high (fitted 11.83),GP-EI (batch),18,0,6,69.009,1.206,70.215,
GP fit to all 24,high (fitted 11.83),GP-EI (batch),18,1,10,69.009,1.206,70.215,
GP fit to all 24,high (fitted 11.83),GP-EI (batch),18,2,14,70.215,0.0,70.215,
GP fit to all 24,high (fitted 11.83),GP-EI (batch),18,3,18,70.215,0.0,70.215,2.315
GP fit to all 24,high (fitted 11.83),Four-role policy (deployed),18,0,6,69.009,1.206,70.215,
GP fit to all 24,high (fitted 11.83),Four-role policy (deployed),18,1,10,69.009,1.206,70.215,
GP fit to all 24,high (fitted 11.83),Four-role policy (deployed),18,2,14,70.078,0.137,70.215,
GP fit to all 24,high (fitted 11.83),Four-role policy (deployed),18,3,18,70.078,0.137,70.215,11.852
GP fit to all 24,high (fitted 11.83),Random (feasible),19,0,6,62.234,7.981,70.215,
GP fit to all 24,high (fitted 11.83),Random (feasible),19,1,10,69.489,0.726,70.215,
GP fit to all 24,high (fitted 11.83),Random (feasible),19,2,14,69.489,0.726,70.215,
GP fit to all 24,high (fitted 11.83),Random (feasible),19,3,18,69.489,0.726,70.215,7.981
GP fit to all 24,high (fitted 11.83),GP greedy (exploit only),19,0,6,62.234,7.981,70.215,
GP fit to all 24,high (fitted 11.83),GP greedy (exploit only),19,1,10,69.098,1.117,70.215,
GP fit to all 24,high (fitted 11.83),GP greedy (exploit only),19,2,14,70.211,0.004,70.215,
GP fit to all 24,high (fitted 11.83),GP greedy (exploit only),19,3,18,70.211,0.004,70.215,0.141
GP fit to all 24,high (fitted 11.83),"GP-UCB, kappa 2 (batch)",19,0,6,62.234,7.981,70.215,
GP fit to all 24,high (fitted 11.83),"GP-UCB, kappa 2 (batch)",19,1,10,62.234,7.981,70.215,
GP fit to all 24,high (fitted 11.83),"GP-UCB, kappa 2 (batch)",19,2,14,62.234,7.981,70.215,
GP fit to all 24,high (fitted 11.83),"GP-UCB, kappa 2 (batch)",19,3,18,69.833,0.382,70.215,7.981
GP fit to all 24,high (fitted 11.83),GP-EI (batch),19,0,6,62.234,7.981,70.215,
GP fit to all 24,high (fitted 11.83),GP-EI (batch),19,1,10,62.234,7.981,70.215,
GP fit to all 24,high (fitted 11.83),GP-EI (batch),19,2,14,68.999,1.216,70.215,
GP fit to all 24,high (fitted 11.83),GP-EI (batch),19,3,18,70.209,0.005,70.215,0.005
GP fit to all 24,high (fitted 11.83),Four-role policy (deployed),19,0,6,62.234,7.981,70.215,
GP fit to all 24,high (fitted 11.83),Four-role policy (deployed),19,1,10,69.098,1.117,70.215,
GP fit to all 24,high (fitted 11.83),Four-role policy (deployed),19,2,14,69.098,1.117,70.215,
GP fit to all 24,high (fitted 11.83),Four-role policy (deployed),19,3,18,69.098,1.117,70.215,1.768
GP fit to all 24,high (fitted 11.83),Random (feasible),20,0,6,47.445,22.77,70.215,
GP fit to all 24,high (fitted 11.83),Random (feasible),20,1,10,52.177,18.038,70.215,
GP fit to all 24,high (fitted 11.83),Random (feasible),20,2,14,52.177,18.038,70.215,
GP fit to all 24,high (fitted 11.83),Random (feasible),20,3,18,58.028,12.187,70.215,27.975
GP fit to all 24,high (fitted 11.83),GP greedy (exploit only),20,0,6,47.445,22.77,70.215,
GP fit to all 24,high (fitted 11.83),GP greedy (exploit only),20,1,10,61.281,8.934,70.215,
GP fit to all 24,high (fitted 11.83),GP greedy (exploit only),20,2,14,69.855,0.36,70.215,
GP fit to all 24,high (fitted 11.83),GP greedy (exploit only),20,3,18,69.855,0.36,70.215,1.027
GP fit to all 24,high (fitted 11.83),"GP-UCB, kappa 2 (batch)",20,0,6,47.445,22.77,70.215,
GP fit to all 24,high (fitted 11.83),"GP-UCB, kappa 2 (batch)",20,1,10,61.281,8.934,70.215,
GP fit to all 24,high (fitted 11.83),"GP-UCB, kappa 2 (batch)",20,2,14,61.281,8.934,70.215,
GP fit to all 24,high (fitted 11.83),"GP-UCB, kappa 2 (batch)",20,3,18,68.999,1.216,70.215,5.313
GP fit to all 24,high (fitted 11.83),GP-EI (batch),20,0,6,47.445,22.77,70.215,
GP fit to all 24,high (fitted 11.83),GP-EI (batch),20,1,10,61.281,8.934,70.215,
GP fit to all 24,high (fitted 11.83),GP-EI (batch),20,2,14,61.281,8.934,70.215,
GP fit to all 24,high (fitted 11.83),GP-EI (batch),20,3,18,69.855,0.36,70.215,0.36
GP fit to all 24,high (fitted 11.83),Four-role policy (deployed),20,0,6,47.445,22.77,70.215,
GP fit to all 24,high (fitted 11.83),Four-role policy (deployed),20,1,10,61.281,8.934,70.215,
GP fit to all 24,high (fitted 11.83),Four-role policy (deployed),20,2,14,61.281,8.934,70.215,
GP fit to all 24,high (fitted 11.83),Four-role policy (deployed),20,3,18,61.281,8.934,70.215,8.934
GP fit to all 24,high (fitted 11.83),Random (feasible),21,0,6,65.956,4.258,70.215,
GP fit to all 24,high (fitted 11.83),Random (feasible),21,1,10,65.956,4.258,70.215,
GP fit to all 24,high (fitted 11.83),Random (feasible),21,2,14,65.956,4.258,70.215,
GP fit to all 24,high (fitted 11.83),Random (feasible),21,3,18,65.956,4.258,70.215,29.211
GP fit to all 24,high (fitted 11.83),GP greedy (exploit only),21,0,6,65.956,4.258,70.215,
GP fit to all 24,high (fitted 11.83),GP greedy (exploit only),21,1,10,65.956,4.258,70.215,
GP fit to all 24,high (fitted 11.83),GP greedy (exploit only),21,2,14,65.956,4.258,70.215,
GP fit to all 24,high (fitted 11.83),GP greedy (exploit only),21,3,18,65.956,4.258,70.215,8.058
GP fit to all 24,high (fitted 11.83),"GP-UCB, kappa 2 (batch)",21,0,6,65.956,4.258,70.215,
GP fit to all 24,high (fitted 11.83),"GP-UCB, kappa 2 (batch)",21,1,10,65.956,4.258,70.215,
GP fit to all 24,high (fitted 11.83),"GP-UCB, kappa 2 (batch)",21,2,14,65.956,4.258,70.215,
GP fit to all 24,high (fitted 11.83),"GP-UCB, kappa 2 (batch)",21,3,18,65.956,4.258,70.215,16.777
GP fit to all 24,high (fitted 11.83),GP-EI (batch),21,0,6,65.956,4.258,70.215,
GP fit to all 24,high (fitted 11.83),GP-EI (batch),21,1,10,65.956,4.258,70.215,
GP fit to all 24,high (fitted 11.83),GP-EI (batch),21,2,14,65.956,4.258,70.215,
GP fit to all 24,high (fitted 11.83),GP-EI (batch),21,3,18,65.956,4.258,70.215,19.694
GP fit to all 24,high (fitted 11.83),Four-role policy (deployed),21,0,6,65.956,4.258,70.215,
GP fit to all 24,high (fitted 11.83),Four-role policy (deployed),21,1,10,65.956,4.258,70.215,
GP fit to all 24,high (fitted 11.83),Four-role policy (deployed),21,2,14,65.956,4.258,70.215,
GP fit to all 24,high (fitted 11.83),Four-role policy (deployed),21,3,18,68.78,1.435,70.215,23.391
GP fit to all 24,high (fitted 11.83),Random (feasible),22,0,6,64.158,6.057,70.215,
GP fit to all 24,high (fitted 11.83),Random (feasible),22,1,10,64.158,6.057,70.215,
GP fit to all 24,high (fitted 11.83),Random (feasible),22,2,14,64.158,6.057,70.215,
GP fit to all 24,high (fitted 11.83),Random (feasible),22,3,18,64.158,6.057,70.215,6.057
GP fit to all 24,high (fitted 11.83),GP greedy (exploit only),22,0,6,64.158,6.057,70.215,
GP fit to all 24,high (fitted 11.83),GP greedy (exploit only),22,1,10,68.511,1.704,70.215,
GP fit to all 24,high (fitted 11.83),GP greedy (exploit only),22,2,14,68.511,1.704,70.215,
GP fit to all 24,high (fitted 11.83),GP greedy (exploit only),22,3,18,68.511,1.704,70.215,3.87
GP fit to all 24,high (fitted 11.83),"GP-UCB, kappa 2 (batch)",22,0,6,64.158,6.057,70.215,
GP fit to all 24,high (fitted 11.83),"GP-UCB, kappa 2 (batch)",22,1,10,68.511,1.704,70.215,
GP fit to all 24,high (fitted 11.83),"GP-UCB, kappa 2 (batch)",22,2,14,68.511,1.704,70.215,
GP fit to all 24,high (fitted 11.83),"GP-UCB, kappa 2 (batch)",22,3,18,68.511,1.704,70.215,3.87
GP fit to all 24,high (fitted 11.83),GP-EI (batch),22,0,6,64.158,6.057,70.215,
GP fit to all 24,high (fitted 11.83),GP-EI (batch),22,1,10,68.511,1.704,70.215,
GP fit to all 24,high (fitted 11.83),GP-EI (batch),22,2,14,68.511,1.704,70.215,
GP fit to all 24,high (fitted 11.83),GP-EI (batch),22,3,18,68.511,1.704,70.215,3.87
GP fit to all 24,high (fitted 11.83),Four-role policy (deployed),22,0,6,64.158,6.057,70.215,
GP fit to all 24,high (fitted 11.83),Four-role policy (deployed),22,1,10,66.344,3.87,70.215,
GP fit to all 24,high (fitted 11.83),Four-role policy (deployed),22,2,14,68.994,1.22,70.215,
GP fit to all 24,high (fitted 11.83),Four-role policy (deployed),22,3,18,68.994,1.22,70.215,1.22
GP fit to all 24,high (fitted 11.83),Random (feasible),23,0,6,50.294,19.921,70.215,
GP fit to all 24,high (fitted 11.83),Random (feasible),23,1,10,53.071,17.144,70.215,
GP fit to all 24,high (fitted 11.83),Random (feasible),23,2,14,53.071,17.144,70.215,
GP fit to all 24,high (fitted 11.83),Random (feasible),23,3,18,53.071,17.144,70.215,21.141
GP fit to all 24,high (fitted 11.83),GP greedy (exploit only),23,0,6,50.294,19.921,70.215,
GP fit to all 24,high (fitted 11.83),GP greedy (exploit only),23,1,10,67.854,2.36,70.215,
GP fit to all 24,high (fitted 11.83),GP greedy (exploit only),23,2,14,67.854,2.36,70.215,
GP fit to all 24,high (fitted 11.83),GP greedy (exploit only),23,3,18,67.854,2.36,70.215,3.166
GP fit to all 24,high (fitted 11.83),"GP-UCB, kappa 2 (batch)",23,0,6,50.294,19.921,70.215,
GP fit to all 24,high (fitted 11.83),"GP-UCB, kappa 2 (batch)",23,1,10,53.439,16.775,70.215,
GP fit to all 24,high (fitted 11.83),"GP-UCB, kappa 2 (batch)",23,2,14,53.439,16.775,70.215,
GP fit to all 24,high (fitted 11.83),"GP-UCB, kappa 2 (batch)",23,3,18,63.388,6.826,70.215,6.826
GP fit to all 24,high (fitted 11.83),GP-EI (batch),23,0,6,50.294,19.921,70.215,
GP fit to all 24,high (fitted 11.83),GP-EI (batch),23,1,10,56.083,14.131,70.215,
GP fit to all 24,high (fitted 11.83),GP-EI (batch),23,2,14,57.766,12.449,70.215,
GP fit to all 24,high (fitted 11.83),GP-EI (batch),23,3,18,65.831,4.384,70.215,16.773
GP fit to all 24,high (fitted 11.83),Four-role policy (deployed),23,0,6,50.294,19.921,70.215,
GP fit to all 24,high (fitted 11.83),Four-role policy (deployed),23,1,10,54.975,15.24,70.215,
GP fit to all 24,high (fitted 11.83),Four-role policy (deployed),23,2,14,54.975,15.24,70.215,
GP fit to all 24,high (fitted 11.83),Four-role policy (deployed),23,3,18,65.761,4.454,70.215,4.454
GP fit to all 24,high (fitted 11.83),Random (feasible),24,0,6,58.923,11.292,70.215,
GP fit to all 24,high (fitted 11.83),Random (feasible),24,1,10,64.904,5.31,70.215,
GP fit to all 24,high (fitted 11.83),Random (feasible),24,2,14,64.904,5.31,70.215,
GP fit to all 24,high (fitted 11.83),Random (feasible),24,3,18,64.904,5.31,70.215,5.31
GP fit to all 24,high (fitted 11.83),GP greedy (exploit only),24,0,6,58.923,11.292,70.215,
GP fit to all 24,high (fitted 11.83),GP greedy (exploit only),24,1,10,66.46,3.755,70.215,
GP fit to all 24,high (fitted 11.83),GP greedy (exploit only),24,2,14,67.207,3.007,70.215,
GP fit to all 24,high (fitted 11.83),GP greedy (exploit only),24,3,18,67.207,3.007,70.215,3.007
GP fit to all 24,high (fitted 11.83),"GP-UCB, kappa 2 (batch)",24,0,6,58.923,11.292,70.215,
GP fit to all 24,high (fitted 11.83),"GP-UCB, kappa 2 (batch)",24,1,10,58.923,11.292,70.215,
GP fit to all 24,high (fitted 11.83),"GP-UCB, kappa 2 (batch)",24,2,14,58.923,11.292,70.215,
GP fit to all 24,high (fitted 11.83),"GP-UCB, kappa 2 (batch)",24,3,18,58.923,11.292,70.215,21.244
GP fit to all 24,high (fitted 11.83),GP-EI (batch),24,0,6,58.923,11.292,70.215,
GP fit to all 24,high (fitted 11.83),GP-EI (batch),24,1,10,58.923,11.292,70.215,
GP fit to all 24,high (fitted 11.83),GP-EI (batch),24,2,14,58.923,11.292,70.215,
GP fit to all 24,high (fitted 11.83),GP-EI (batch),24,3,18,65.831,4.384,70.215,4.384
GP fit to all 24,high (fitted 11.83),Four-role policy (deployed),24,0,6,58.923,11.292,70.215,
GP fit to all 24,high (fitted 11.83),Four-role policy (deployed),24,1,10,58.923,11.292,70.215,
GP fit to all 24,high (fitted 11.83),Four-role policy (deployed),24,2,14,66.33,3.885,70.215,
GP fit to all 24,high (fitted 11.83),Four-role policy (deployed),24,3,18,66.33,3.885,70.215,5.754
GP fit to all 24,high (fitted 11.83),Random (feasible),25,0,6,50.237,19.978,70.215,
GP fit to all 24,high (fitted 11.83),Random (feasible),25,1,10,67.86,2.355,70.215,
GP fit to all 24,high (fitted 11.83),Random (feasible),25,2,14,67.86,2.355,70.215,
GP fit to all 24,high (fitted 11.83),Random (feasible),25,3,18,67.86,2.355,70.215,4.533
GP fit to all 24,high (fitted 11.83),GP greedy (exploit only),25,0,6,50.237,19.978,70.215,
GP fit to all 24,high (fitted 11.83),GP greedy (exploit only),25,1,10,50.237,19.978,70.215,
GP fit to all 24,high (fitted 11.83),GP greedy (exploit only),25,2,14,60.886,9.329,70.215,
GP fit to all 24,high (fitted 11.83),GP greedy (exploit only),25,3,18,66.452,3.763,70.215,11.294
GP fit to all 24,high (fitted 11.83),"GP-UCB, kappa 2 (batch)",25,0,6,50.237,19.978,70.215,
GP fit to all 24,high (fitted 11.83),"GP-UCB, kappa 2 (batch)",25,1,10,59.977,10.238,70.215,
GP fit to all 24,high (fitted 11.83),"GP-UCB, kappa 2 (batch)",25,2,14,59.977,10.238,70.215,
GP fit to all 24,high (fitted 11.83),"GP-UCB, kappa 2 (batch)",25,3,18,65.766,4.448,70.215,4.448
GP fit to all 24,high (fitted 11.83),GP-EI (batch),25,0,6,50.237,19.978,70.215,
GP fit to all 24,high (fitted 11.83),GP-EI (batch),25,1,10,59.463,10.752,70.215,
GP fit to all 24,high (fitted 11.83),GP-EI (batch),25,2,14,65.952,4.262,70.215,
GP fit to all 24,high (fitted 11.83),GP-EI (batch),25,3,18,65.952,4.262,70.215,19.978
GP fit to all 24,high (fitted 11.83),Four-role policy (deployed),25,0,6,50.237,19.978,70.215,
GP fit to all 24,high (fitted 11.83),Four-role policy (deployed),25,1,10,58.369,11.846,70.215,
GP fit to all 24,high (fitted 11.83),Four-role policy (deployed),25,2,14,64.879,5.336,70.215,
GP fit to all 24,high (fitted 11.83),Four-role policy (deployed),25,3,18,64.879,5.336,70.215,19.978
GP fit to all 24,high (fitted 11.83),Random (feasible),26,0,6,50.105,20.11,70.215,
GP fit to all 24,high (fitted 11.83),Random (feasible),26,1,10,66.204,4.011,70.215,
GP fit to all 24,high (fitted 11.83),Random (feasible),26,2,14,66.204,4.011,70.215,
GP fit to all 24,high (fitted 11.83),Random (feasible),26,3,18,66.204,4.011,70.215,15.448
GP fit to all 24,high (fitted 11.83),GP greedy (exploit only),26,0,6,50.105,20.11,70.215,
GP fit to all 24,high (fitted 11.83),GP greedy (exploit only),26,1,10,51.902,18.313,70.215,
GP fit to all 24,high (fitted 11.83),GP greedy (exploit only),26,2,14,54.975,15.24,70.215,
GP fit to all 24,high (fitted 11.83),GP greedy (exploit only),26,3,18,57.928,12.286,70.215,20.11
GP fit to all 24,high (fitted 11.83),"GP-UCB, kappa 2 (batch)",26,0,6,50.105,20.11,70.215,
GP fit to all 24,high (fitted 11.83),"GP-UCB, kappa 2 (batch)",26,1,10,64.879,5.336,70.215,
GP fit to all 24,high (fitted 11.83),"GP-UCB, kappa 2 (batch)",26,2,14,64.879,5.336,70.215,
GP fit to all 24,high (fitted 11.83),"GP-UCB, kappa 2 (batch)",26,3,18,67.322,2.893,70.215,15.343
GP fit to all 24,high (fitted 11.83),GP-EI (batch),26,0,6,50.105,20.11,70.215,
GP fit to all 24,high (fitted 11.83),GP-EI (batch),26,1,10,62.93,7.285,70.215,
GP fit to all 24,high (fitted 11.83),GP-EI (batch),26,2,14,62.93,7.285,70.215,
GP fit to all 24,high (fitted 11.83),GP-EI (batch),26,3,18,65.831,4.384,70.215,4.384
GP fit to all 24,high (fitted 11.83),Four-role policy (deployed),26,0,6,50.105,20.11,70.215,
GP fit to all 24,high (fitted 11.83),Four-role policy (deployed),26,1,10,65.332,4.883,70.215,
GP fit to all 24,high (fitted 11.83),Four-role policy (deployed),26,2,14,65.332,4.883,70.215,
GP fit to all 24,high (fitted 11.83),Four-role policy (deployed),26,3,18,65.332,4.883,70.215,14.125
GP fit to all 24,high (fitted 11.83),Random (feasible),27,0,6,47.481,22.734,70.215,
GP fit to all 24,high (fitted 11.83),Random (feasible),27,1,10,47.481,22.734,70.215,
GP fit to all 24,high (fitted 11.83),Random (feasible),27,2,14,48.144,22.071,70.215,
GP fit to all 24,high (fitted 11.83),Random (feasible),27,3,18,66.461,3.754,70.215,23.329
GP fit to all 24,high (fitted 11.83),GP greedy (exploit only),27,0,6,47.481,22.734,70.215,
GP fit to all 24,high (fitted 11.83),GP greedy (exploit only),27,1,10,47.481,22.734,70.215,
GP fit to all 24,high (fitted 11.83),GP greedy (exploit only),27,2,14,47.761,22.454,70.215,
GP fit to all 24,high (fitted 11.83),GP greedy (exploit only),27,3,18,51.057,19.158,70.215,23.616
GP fit to all 24,high (fitted 11.83),"GP-UCB, kappa 2 (batch)",27,0,6,47.481,22.734,70.215,
GP fit to all 24,high (fitted 11.83),"GP-UCB, kappa 2 (batch)",27,1,10,48.263,21.952,70.215,
GP fit to all 24,high (fitted 11.83),"GP-UCB, kappa 2 (batch)",27,2,14,51.509,18.706,70.215,
GP fit to all 24,high (fitted 11.83),"GP-UCB, kappa 2 (batch)",27,3,18,53.44,16.775,70.215,22.547
GP fit to all 24,high (fitted 11.83),GP-EI (batch),27,0,6,47.481,22.734,70.215,
GP fit to all 24,high (fitted 11.83),GP-EI (batch),27,1,10,47.481,22.734,70.215,
GP fit to all 24,high (fitted 11.83),GP-EI (batch),27,2,14,47.684,22.531,70.215,
GP fit to all 24,high (fitted 11.83),GP-EI (batch),27,3,18,66.324,3.89,70.215,22.568
GP fit to all 24,high (fitted 11.83),Four-role policy (deployed),27,0,6,47.481,22.734,70.215,
GP fit to all 24,high (fitted 11.83),Four-role policy (deployed),27,1,10,47.481,22.734,70.215,
GP fit to all 24,high (fitted 11.83),Four-role policy (deployed),27,2,14,48.263,21.952,70.215,
GP fit to all 24,high (fitted 11.83),Four-role policy (deployed),27,3,18,49.538,20.677,70.215,22.454
GP fit to all 24,high (fitted 11.83),Random (feasible),28,0,6,55.896,14.319,70.215,
GP fit to all 24,high (fitted 11.83),Random (feasible),28,1,10,55.896,14.319,70.215,
GP fit to all 24,high (fitted 11.83),Random (feasible),28,2,14,65.608,4.606,70.215,
GP fit to all 24,high (fitted 11.83),Random (feasible),28,3,18,67.05,3.165,70.215,28.879
GP fit to all 24,high (fitted 11.83),GP greedy (exploit only),28,0,6,55.896,14.319,70.215,
GP fit to all 24,high (fitted 11.83),GP greedy (exploit only),28,1,10,55.896,14.319,70.215,
GP fit to all 24,high (fitted 11.83),GP greedy (exploit only),28,2,14,55.896,14.319,70.215,
GP fit to all 24,high (fitted 11.83),GP greedy (exploit only),28,3,18,64.667,5.548,70.215,6.649
GP fit to all 24,high (fitted 11.83),"GP-UCB, kappa 2 (batch)",28,0,6,55.896,14.319,70.215,
GP fit to all 24,high (fitted 11.83),"GP-UCB, kappa 2 (batch)",28,1,10,69.005,1.21,70.215,
GP fit to all 24,high (fitted 11.83),"GP-UCB, kappa 2 (batch)",28,2,14,69.005,1.21,70.215,
GP fit to all 24,high (fitted 11.83),"GP-UCB, kappa 2 (batch)",28,3,18,69.005,1.21,70.215,6.582
GP fit to all 24,high (fitted 11.83),GP-EI (batch),28,0,6,55.896,14.319,70.215,
GP fit to all 24,high (fitted 11.83),GP-EI (batch),28,1,10,68.49,1.725,70.215,
GP fit to all 24,high (fitted 11.83),GP-EI (batch),28,2,14,68.49,1.725,70.215,
GP fit to all 24,high (fitted 11.83),GP-EI (batch),28,3,18,69.095,1.12,70.215,1.448
GP fit to all 24,high (fitted 11.83),Four-role policy (deployed),28,0,6,55.896,14.319,70.215,
GP fit to all 24,high (fitted 11.83),Four-role policy (deployed),28,1,10,65.831,4.384,70.215,
GP fit to all 24,high (fitted 11.83),Four-role policy (deployed),28,2,14,68.062,2.152,70.215,
GP fit to all 24,high (fitted 11.83),Four-role policy (deployed),28,3,18,68.062,2.152,70.215,2.162
GP fit to all 24,high (fitted 11.83),Random (feasible),29,0,6,62.99,7.225,70.215,
GP fit to all 24,high (fitted 11.83),Random (feasible),29,1,10,66.342,3.873,70.215,
GP fit to all 24,high (fitted 11.83),Random (feasible),29,2,14,66.342,3.873,70.215,
GP fit to all 24,high (fitted 11.83),Random (feasible),29,3,18,66.342,3.873,70.215,25.975
GP fit to all 24,high (fitted 11.83),GP greedy (exploit only),29,0,6,62.99,7.225,70.215,
GP fit to all 24,high (fitted 11.83),GP greedy (exploit only),29,1,10,62.99,7.225,70.215,
GP fit to all 24,high (fitted 11.83),GP greedy (exploit only),29,2,14,62.99,7.225,70.215,
GP fit to all 24,high (fitted 11.83),GP greedy (exploit only),29,3,18,66.475,3.74,70.215,27.682
GP fit to all 24,high (fitted 11.83),"GP-UCB, kappa 2 (batch)",29,0,6,62.99,7.225,70.215,
GP fit to all 24,high (fitted 11.83),"GP-UCB, kappa 2 (batch)",29,1,10,62.99,7.225,70.215,
GP fit to all 24,high (fitted 11.83),"GP-UCB, kappa 2 (batch)",29,2,14,68.513,1.701,70.215,
GP fit to all 24,high (fitted 11.83),"GP-UCB, kappa 2 (batch)",29,3,18,68.513,1.701,70.215,1.701
GP fit to all 24,high (fitted 11.83),GP-EI (batch),29,0,6,62.99,7.225,70.215,
GP fit to all 24,high (fitted 11.83),GP-EI (batch),29,1,10,62.99,7.225,70.215,
GP fit to all 24,high (fitted 11.83),GP-EI (batch),29,2,14,62.99,7.225,70.215,
GP fit to all 24,high (fitted 11.83),GP-EI (batch),29,3,18,66.475,3.74,70.215,27.682
GP fit to all 24,high (fitted 11.83),Four-role policy (deployed),29,0,6,62.99,7.225,70.215,
GP fit to all 24,high (fitted 11.83),Four-role policy (deployed),29,1,10,65.66,4.555,70.215,
GP fit to all 24,high (fitted 11.83),Four-role policy (deployed),29,2,14,65.66,4.555,70.215,
GP fit to all 24,high (fitted 11.83),Four-role policy (deployed),29,3,18,65.66,4.555,70.215,10.762
Scheffe fit to all 24,low (SEM 4.97),Random (feasible),0,0,6,57.88,0.703,58.583,
Scheffe fit to all 24,low (SEM 4.97),Random (feasible),0,1,10,57.88,0.703,58.583,
Scheffe fit to all 24,low (SEM 4.97),Random (feasible),0,2,14,57.88,0.703,58.583,
Scheffe fit to all 24,low (SEM 4.97),Random (feasible),0,3,18,57.88,0.703,58.583,5.508
Scheffe fit to all 24,low (SEM 4.97),GP greedy (exploit only),0,0,6,57.88,0.703,58.583,
Scheffe fit to all 24,low (SEM 4.97),GP greedy (exploit only),0,1,10,58.318,0.265,58.583,
Scheffe fit to all 24,low (SEM 4.97),GP greedy (exploit only),0,2,14,58.477,0.107,58.583,
Scheffe fit to all 24,low (SEM 4.97),GP greedy (exploit only),0,3,18,58.477,0.107,58.583,0.265
Scheffe fit to all 24,low (SEM 4.97),"GP-UCB, kappa 2 (batch)",0,0,6,57.88,0.703,58.583,
Scheffe fit to all 24,low (SEM 4.97),"GP-UCB, kappa 2 (batch)",0,1,10,58.062,0.522,58.583,
Scheffe fit to all 24,low (SEM 4.97),"GP-UCB, kappa 2 (batch)",0,2,14,58.569,0.014,58.583,
Scheffe fit to all 24,low (SEM 4.97),"GP-UCB, kappa 2 (batch)",0,3,18,58.569,0.014,58.583,0.767
Scheffe fit to all 24,low (SEM 4.97),GP-EI (batch),0,0,6,57.88,0.703,58.583,
Scheffe fit to all 24,low (SEM 4.97),GP-EI (batch),0,1,10,58.062,0.522,58.583,
Scheffe fit to all 24,low (SEM 4.97),GP-EI (batch),0,2,14,58.568,0.015,58.583,
Scheffe fit to all 24,low (SEM 4.97),GP-EI (batch),0,3,18,58.568,0.015,58.583,0.767
Scheffe fit to all 24,low (SEM 4.97),Four-role policy (deployed),0,0,6,57.88,0.703,58.583,
Scheffe fit to all 24,low (SEM 4.97),Four-role policy (deployed),0,1,10,58.062,0.522,58.583,
Scheffe fit to all 24,low (SEM 4.97),Four-role policy (deployed),0,2,14,58.568,0.015,58.583,
Scheffe fit to all 24,low (SEM 4.97),Four-role policy (deployed),0,3,18,58.568,0.015,58.583,0.522
Scheffe fit to all 24,low (SEM 4.97),Random (feasible),1,0,6,54.783,3.8,58.583,
Scheffe fit to all 24,low (SEM 4.97),Random (feasible),1,1,10,56.552,2.032,58.583,
Scheffe fit to all 24,low (SEM 4.97),Random (feasible),1,2,14,57.045,1.539,58.583,
Scheffe fit to all 24,low (SEM 4.97),Random (feasible),1,3,18,57.045,1.539,58.583,7.257
Scheffe fit to all 24,low (SEM 4.97),GP greedy (exploit only),1,0,6,54.783,3.8,58.583,
Scheffe fit to all 24,low (SEM 4.97),GP greedy (exploit only),1,1,10,55.784,2.799,58.583,
Scheffe fit to all 24,low (SEM 4.97),GP greedy (exploit only),1,2,14,56.999,1.584,58.583,
Scheffe fit to all 24,low (SEM 4.97),GP greedy (exploit only),1,3,18,57.48,1.103,58.583,1.914
Scheffe fit to all 24,low (SEM 4.97),"GP-UCB, kappa 2 (batch)",1,0,6,54.783,3.8,58.583,
Scheffe fit to all 24,low (SEM 4.97),"GP-UCB, kappa 2 (batch)",1,1,10,55.496,3.087,58.583,
Scheffe fit to all 24,low (SEM 4.97),"GP-UCB, kappa 2 (batch)",1,2,14,56.8,1.783,58.583,
Scheffe fit to all 24,low (SEM 4.97),"GP-UCB, kappa 2 (batch)",1,3,18,58.179,0.405,58.583,0.405
Scheffe fit to all 24,low (SEM 4.97),GP-EI (batch),1,0,6,54.783,3.8,58.583,
Scheffe fit to all 24,low (SEM 4.97),GP-EI (batch),1,1,10,55.496,3.087,58.583,
Scheffe fit to all 24,low (SEM 4.97),GP-EI (batch),1,2,14,56.8,1.783,58.583,
Scheffe fit to all 24,low (SEM 4.97),GP-EI (batch),1,3,18,57.163,1.42,58.583,2.205
Scheffe fit to all 24,low (SEM 4.97),Four-role policy (deployed),1,0,6,54.783,3.8,58.583,
Scheffe fit to all 24,low (SEM 4.97),Four-role policy (deployed),1,1,10,55.333,3.25,58.583,
Scheffe fit to all 24,low (SEM 4.97),Four-role policy (deployed),1,2,14,55.333,3.25,58.583,
Scheffe fit to all 24,low (SEM 4.97),Four-role policy (deployed),1,3,18,55.726,2.858,58.583,2.858
Scheffe fit to all 24,low (SEM 4.97),Random (feasible),2,0,6,54.463,4.12,58.583,
Scheffe fit to all 24,low (SEM 4.97),Random (feasible),2,1,10,58.279,0.304,58.583,
Scheffe fit to all 24,low (SEM 4.97),Random (feasible),2,2,14,58.279,0.304,58.583,
Scheffe fit to all 24,low (SEM 4.97),Random (feasible),2,3,18,58.279,0.304,58.583,0.304
Scheffe fit to all 24,low (SEM 4.97),GP greedy (exploit only),2,0,6,54.463,4.12,58.583,
Scheffe fit to all 24,low (SEM 4.97),GP greedy (exploit only),2,1,10,54.463,4.12,58.583,
Scheffe fit to all 24,low (SEM 4.97),GP greedy (exploit only),2,2,14,54.463,4.12,58.583,
Scheffe fit to all 24,low (SEM 4.97),GP greedy (exploit only),2,3,18,54.463,4.12,58.583,6.88
Scheffe fit to all 24,low (SEM 4.97),"GP-UCB, kappa 2 (batch)",2,0,6,54.463,4.12,58.583,
Scheffe fit to all 24,low (SEM 4.97),"GP-UCB, kappa 2 (batch)",2,1,10,54.463,4.12,58.583,
Scheffe fit to all 24,low (SEM 4.97),"GP-UCB, kappa 2 (batch)",2,2,14,54.463,4.12,58.583,
Scheffe fit to all 24,low (SEM 4.97),"GP-UCB, kappa 2 (batch)",2,3,18,54.463,4.12,58.583,7.654
Scheffe fit to all 24,low (SEM 4.97),GP-EI (batch),2,0,6,54.463,4.12,58.583,
Scheffe fit to all 24,low (SEM 4.97),GP-EI (batch),2,1,10,54.463,4.12,58.583,
Scheffe fit to all 24,low (SEM 4.97),GP-EI (batch),2,2,14,55.588,2.995,58.583,
Scheffe fit to all 24,low (SEM 4.97),GP-EI (batch),2,3,18,58.569,0.014,58.583,0.014
Scheffe fit to all 24,low (SEM 4.97),Four-role policy (deployed),2,0,6,54.463,4.12,58.583,
Scheffe fit to all 24,low (SEM 4.97),Four-role policy (deployed),2,1,10,54.48,4.103,58.583,
Scheffe fit to all 24,low (SEM 4.97),Four-role policy (deployed),2,2,14,57.66,0.923,58.583,
Scheffe fit to all 24,low (SEM 4.97),Four-role policy (deployed),2,3,18,57.88,0.703,58.583,1.475
Scheffe fit to all 24,low (SEM 4.97),Random (feasible),3,0,6,52.361,6.223,58.583,
Scheffe fit to all 24,low (SEM 4.97),Random (feasible),3,1,10,55.157,3.426,58.583,
Scheffe fit to all 24,low (SEM 4.97),Random (feasible),3,2,14,55.157,3.426,58.583,
Scheffe fit to all 24,low (SEM 4.97),Random (feasible),3,3,18,56.641,1.943,58.583,4.736
Scheffe fit to all 24,low (SEM 4.97),GP greedy (exploit only),3,0,6,52.361,6.223,58.583,
Scheffe fit to all 24,low (SEM 4.97),GP greedy (exploit only),3,1,10,52.361,6.223,58.583,
Scheffe fit to all 24,low (SEM 4.97),GP greedy (exploit only),3,2,14,52.542,6.042,58.583,
Scheffe fit to all 24,low (SEM 4.97),GP greedy (exploit only),3,3,18,53.142,5.442,58.583,10.584
Scheffe fit to all 24,low (SEM 4.97),"GP-UCB, kappa 2 (batch)",3,0,6,52.361,6.223,58.583,
Scheffe fit to all 24,low (SEM 4.97),"GP-UCB, kappa 2 (batch)",3,1,10,52.361,6.223,58.583,
Scheffe fit to all 24,low (SEM 4.97),"GP-UCB, kappa 2 (batch)",3,2,14,57.456,1.127,58.583,
Scheffe fit to all 24,low (SEM 4.97),"GP-UCB, kappa 2 (batch)",3,3,18,57.934,0.65,58.583,6.88
Scheffe fit to all 24,low (SEM 4.97),GP-EI (batch),3,0,6,52.361,6.223,58.583,
Scheffe fit to all 24,low (SEM 4.97),GP-EI (batch),3,1,10,52.361,6.223,58.583,
Scheffe fit to all 24,low (SEM 4.97),GP-EI (batch),3,2,14,53.906,4.678,58.583,
Scheffe fit to all 24,low (SEM 4.97),GP-EI (batch),3,3,18,55.258,3.326,58.583,5.596
Scheffe fit to all 24,low (SEM 4.97),Four-role policy (deployed),3,0,6,52.361,6.223,58.583,
Scheffe fit to all 24,low (SEM 4.97),Four-role policy (deployed),3,1,10,55.668,2.915,58.583,
Scheffe fit to all 24,low (SEM 4.97),Four-role policy (deployed),3,2,14,55.668,2.915,58.583,
Scheffe fit to all 24,low (SEM 4.97),Four-role policy (deployed),3,3,18,55.668,2.915,58.583,10.584
Scheffe fit to all 24,low (SEM 4.97),Random (feasible),4,0,6,58.496,0.087,58.583,
Scheffe fit to all 24,low (SEM 4.97),Random (feasible),4,1,10,58.496,0.087,58.583,
Scheffe fit to all 24,low (SEM 4.97),Random (feasible),4,2,14,58.496,0.087,58.583,
Scheffe fit to all 24,low (SEM 4.97),Random (feasible),4,3,18,58.496,0.087,58.583,2.818
Scheffe fit to all 24,low (SEM 4.97),GP greedy (exploit only),4,0,6,58.496,0.087,58.583,
Scheffe fit to all 24,low (SEM 4.97),GP greedy (exploit only),4,1,10,58.496,0.087,58.583,
Scheffe fit to all 24,low (SEM 4.97),GP greedy (exploit only),4,2,14,58.496,0.087,58.583,
Scheffe fit to all 24,low (SEM 4.97),GP greedy (exploit only),4,3,18,58.496,0.087,58.583,0.493
Scheffe fit to all 24,low (SEM 4.97),"GP-UCB, kappa 2 (batch)",4,0,6,58.496,0.087,58.583,
Scheffe fit to all 24,low (SEM 4.97),"GP-UCB, kappa 2 (batch)",4,1,10,58.496,0.087,58.583,
Scheffe fit to all 24,low (SEM 4.97),"GP-UCB, kappa 2 (batch)",4,2,14,58.496,0.087,58.583,
Scheffe fit to all 24,low (SEM 4.97),"GP-UCB, kappa 2 (batch)",4,3,18,58.569,0.014,58.583,0.828
Scheffe fit to all 24,low (SEM 4.97),GP-EI (batch),4,0,6,58.496,0.087,58.583,
Scheffe fit to all 24,low (SEM 4.97),GP-EI (batch),4,1,10,58.496,0.087,58.583,
Scheffe fit to all 24,low (SEM 4.97),GP-EI (batch),4,2,14,58.496,0.087,58.583,
Scheffe fit to all 24,low (SEM 4.97),GP-EI (batch),4,3,18,58.496,0.087,58.583,0.522
Scheffe fit to all 24,low (SEM 4.97),Four-role policy (deployed),4,0,6,58.496,0.087,58.583,
Scheffe fit to all 24,low (SEM 4.97),Four-role policy (deployed),4,1,10,58.496,0.087,58.583,
Scheffe fit to all 24,low (SEM 4.97),Four-role policy (deployed),4,2,14,58.496,0.087,58.583,
Scheffe fit to all 24,low (SEM 4.97),Four-role policy (deployed),4,3,18,58.496,0.087,58.583,3.305
Scheffe fit to all 24,low (SEM 4.97),Random (feasible),5,0,6,57.034,1.55,58.583,
Scheffe fit to all 24,low (SEM 4.97),Random (feasible),5,1,10,57.034,1.55,58.583,
Scheffe fit to all 24,low (SEM 4.97),Random (feasible),5,2,14,57.034,1.55,58.583,
Scheffe fit to all 24,low (SEM 4.97),Random (feasible),5,3,18,57.034,1.55,58.583,2.355
Scheffe fit to all 24,low (SEM 4.97),GP greedy (exploit only),5,0,6,57.034,1.55,58.583,
Scheffe fit to all 24,low (SEM 4.97),GP greedy (exploit only),5,1,10,57.638,0.945,58.583,
Scheffe fit to all 24,low (SEM 4.97),GP greedy (exploit only),5,2,14,58.403,0.18,58.583,
Scheffe fit to all 24,low (SEM 4.97),GP greedy (exploit only),5,3,18,58.403,0.18,58.583,0.945
Scheffe fit to all 24,low (SEM 4.97),"GP-UCB, kappa 2 (batch)",5,0,6,57.034,1.55,58.583,
Scheffe fit to all 24,low (SEM 4.97),"GP-UCB, kappa 2 (batch)",5,1,10,57.638,0.945,58.583,
Scheffe fit to all 24,low (SEM 4.97),"GP-UCB, kappa 2 (batch)",5,2,14,57.638,0.945,58.583,
Scheffe fit to all 24,low (SEM 4.97),"GP-UCB, kappa 2 (batch)",5,3,18,58.569,0.014,58.583,3.374
Scheffe fit to all 24,low (SEM 4.97),GP-EI (batch),5,0,6,57.034,1.55,58.583,
Scheffe fit to all 24,low (SEM 4.97),GP-EI (batch),5,1,10,57.638,0.945,58.583,
Scheffe fit to all 24,low (SEM 4.97),GP-EI (batch),5,2,14,57.638,0.945,58.583,
Scheffe fit to all 24,low (SEM 4.97),GP-EI (batch),5,3,18,57.638,0.945,58.583,1.887
Scheffe fit to all 24,low (SEM 4.97),Four-role policy (deployed),5,0,6,57.034,1.55,58.583,
Scheffe fit to all 24,low (SEM 4.97),Four-role policy (deployed),5,1,10,57.564,1.019,58.583,
Scheffe fit to all 24,low (SEM 4.97),Four-role policy (deployed),5,2,14,58.195,0.388,58.583,
Scheffe fit to all 24,low (SEM 4.97),Four-role policy (deployed),5,3,18,58.195,0.388,58.583,2.995
Scheffe fit to all 24,low (SEM 4.97),Random (feasible),6,0,6,57.779,0.804,58.583,
Scheffe fit to all 24,low (SEM 4.97),Random (feasible),6,1,10,57.779,0.804,58.583,
Scheffe fit to all 24,low (SEM 4.97),Random (feasible),6,2,14,58.368,0.215,58.583,
Scheffe fit to all 24,low (SEM 4.97),Random (feasible),6,3,18,58.368,0.215,58.583,0.753
Scheffe fit to all 24,low (SEM 4.97),GP greedy (exploit only),6,0,6,57.779,0.804,58.583,
Scheffe fit to all 24,low (SEM 4.97),GP greedy (exploit only),6,1,10,57.779,0.804,58.583,
Scheffe fit to all 24,low (SEM 4.97),GP greedy (exploit only),6,2,14,57.779,0.804,58.583,
Scheffe fit to all 24,low (SEM 4.97),GP greedy (exploit only),6,3,18,57.779,0.804,58.583,2.043
Scheffe fit to all 24,low (SEM 4.97),"GP-UCB, kappa 2 (batch)",6,0,6,57.779,0.804,58.583,
Scheffe fit to all 24,low (SEM 4.97),"GP-UCB, kappa 2 (batch)",6,1,10,58.569,0.014,58.583,
Scheffe fit to all 24,low (SEM 4.97),"GP-UCB, kappa 2 (batch)",6,2,14,58.569,0.014,58.583,
Scheffe fit to all 24,low (SEM 4.97),"GP-UCB, kappa 2 (batch)",6,3,18,58.569,0.014,58.583,0.087
Scheffe fit to all 24,low (SEM 4.97),GP-EI (batch),6,0,6,57.779,0.804,58.583,
Scheffe fit to all 24,low (SEM 4.97),GP-EI (batch),6,1,10,58.389,0.194,58.583,
Scheffe fit to all 24,low (SEM 4.97),GP-EI (batch),6,2,14,58.389,0.194,58.583,
Scheffe fit to all 24,low (SEM 4.97),GP-EI (batch),6,3,18,58.389,0.194,58.583,3.516
Scheffe fit to all 24,low (SEM 4.97),Four-role policy (deployed),6,0,6,57.779,0.804,58.583,
Scheffe fit to all 24,low (SEM 4.97),Four-role policy (deployed),6,1,10,58.569,0.014,58.583,
Scheffe fit to all 24,low (SEM 4.97),Four-role policy (deployed),6,2,14,58.569,0.014,58.583,
Scheffe fit to all 24,low (SEM 4.97),Four-role policy (deployed),6,3,18,58.569,0.014,58.583,2.043
Scheffe fit to all 24,low (SEM 4.97),Random (feasible),7,0,6,56.5,2.083,58.583,
Scheffe fit to all 24,low (SEM 4.97),Random (feasible),7,1,10,56.5,2.083,58.583,
Scheffe fit to all 24,low (SEM 4.97),Random (feasible),7,2,14,57.381,1.202,58.583,
Scheffe fit to all 24,low (SEM 4.97),Random (feasible),7,3,18,57.381,1.202,58.583,5.052
Scheffe fit to all 24,low (SEM 4.97),GP greedy (exploit only),7,0,6,56.5,2.083,58.583,
Scheffe fit to all 24,low (SEM 4.97),GP greedy (exploit only),7,1,10,56.748,1.836,58.583,
Scheffe fit to all 24,low (SEM 4.97),GP greedy (exploit only),7,2,14,57.1,1.483,58.583,
Scheffe fit to all 24,low (SEM 4.97),GP greedy (exploit only),7,3,18,57.1,1.483,58.583,2.156
Scheffe fit to all 24,low (SEM 4.97),"GP-UCB, kappa 2 (batch)",7,0,6,56.5,2.083,58.583,
Scheffe fit to all 24,low (SEM 4.97),"GP-UCB, kappa 2 (batch)",7,1,10,56.748,1.836,58.583,
Scheffe fit to all 24,low (SEM 4.97),"GP-UCB, kappa 2 (batch)",7,2,14,58.569,0.014,58.583,
Scheffe fit to all 24,low (SEM 4.97),"GP-UCB, kappa 2 (batch)",7,3,18,58.569,0.014,58.583,0.952
Scheffe fit to all 24,low (SEM 4.97),GP-EI (batch),7,0,6,56.5,2.083,58.583,
Scheffe fit to all 24,low (SEM 4.97),GP-EI (batch),7,1,10,56.748,1.836,58.583,
Scheffe fit to all 24,low (SEM 4.97),GP-EI (batch),7,2,14,58.569,0.014,58.583,
Scheffe fit to all 24,low (SEM 4.97),GP-EI (batch),7,3,18,58.569,0.014,58.583,2.204
Scheffe fit to all 24,low (SEM 4.97),Four-role policy (deployed),7,0,6,56.5,2.083,58.583,
Scheffe fit to all 24,low (SEM 4.97),Four-role policy (deployed),7,1,10,56.748,1.836,58.583,
Scheffe fit to all 24,low (SEM 4.97),Four-role policy (deployed),7,2,14,56.748,1.836,58.583,
Scheffe fit to all 24,low (SEM 4.97),Four-role policy (deployed),7,3,18,57.631,0.952,58.583,0.952
Scheffe fit to all 24,low (SEM 4.97),Random (feasible),8,0,6,54.545,4.039,58.583,
Scheffe fit to all 24,low (SEM 4.97),Random (feasible),8,1,10,54.545,4.039,58.583,
Scheffe fit to all 24,low (SEM 4.97),Random (feasible),8,2,14,54.545,4.039,58.583,
Scheffe fit to all 24,low (SEM 4.97),Random (feasible),8,3,18,55.643,2.941,58.583,5.514
Scheffe fit to all 24,low (SEM 4.97),GP greedy (exploit only),8,0,6,54.545,4.039,58.583,
Scheffe fit to all 24,low (SEM 4.97),GP greedy (exploit only),8,1,10,55.7,2.883,58.583,
Scheffe fit to all 24,low (SEM 4.97),GP greedy (exploit only),8,2,14,56.355,2.228,58.583,
Scheffe fit to all 24,low (SEM 4.97),GP greedy (exploit only),8,3,18,56.966,1.618,58.583,3.167
Scheffe fit to all 24,low (SEM 4.97),"GP-UCB, kappa 2 (batch)",8,0,6,54.545,4.039,58.583,
Scheffe fit to all 24,low (SEM 4.97),"GP-UCB, kappa 2 (batch)",8,1,10,57.54,1.044,58.583,
Scheffe fit to all 24,low (SEM 4.97),"GP-UCB, kappa 2 (batch)",8,2,14,57.54,1.044,58.583,
Scheffe fit to all 24,low (SEM 4.97),"GP-UCB, kappa 2 (batch)",8,3,18,58.569,0.014,58.583,2.938
Scheffe fit to all 24,low (SEM 4.97),GP-EI (batch),8,0,6,54.545,4.039,58.583,
Scheffe fit to all 24,low (SEM 4.97),GP-EI (batch),8,1,10,57.04,1.543,58.583,
Scheffe fit to all 24,low (SEM 4.97),GP-EI (batch),8,2,14,57.04,1.543,58.583,
Scheffe fit to all 24,low (SEM 4.97),GP-EI (batch),8,3,18,57.088,1.495,58.583,3.772
Scheffe fit to all 24,low (SEM 4.97),Four-role policy (deployed),8,0,6,54.545,4.039,58.583,
Scheffe fit to all 24,low (SEM 4.97),Four-role policy (deployed),8,1,10,57.014,1.569,58.583,
Scheffe fit to all 24,low (SEM 4.97),Four-role policy (deployed),8,2,14,57.459,1.125,58.583,
Scheffe fit to all 24,low (SEM 4.97),Four-role policy (deployed),8,3,18,58.052,0.531,58.583,3.167
Scheffe fit to all 24,low (SEM 4.97),Random (feasible),9,0,6,53.066,5.517,58.583,
Scheffe fit to all 24,low (SEM 4.97),Random (feasible),9,1,10,56.666,1.918,58.583,
Scheffe fit to all 24,low (SEM 4.97),Random (feasible),9,2,14,57.561,1.023,58.583,
Scheffe fit to all 24,low (SEM 4.97),Random (feasible),9,3,18,57.561,1.023,58.583,1.023
Scheffe fit to all 24,low (SEM 4.97),GP greedy (exploit only),9,0,6,53.066,5.517,58.583,
Scheffe fit to all 24,low (SEM 4.97),GP greedy (exploit only),9,1,10,53.066,5.517,58.583,
Scheffe fit to all 24,low (SEM 4.97),GP greedy (exploit only),9,2,14,53.066,5.517,58.583,
Scheffe fit to all 24,low (SEM 4.97),GP greedy (exploit only),9,3,18,53.066,5.517,58.583,12.076
Scheffe fit to all 24,low (SEM 4.97),"GP-UCB, kappa 2 (batch)",9,0,6,53.066,5.517,58.583,
Scheffe fit to all 24,low (SEM 4.97),"GP-UCB, kappa 2 (batch)",9,1,10,58.569,0.014,58.583,
Scheffe fit to all 24,low (SEM 4.97),"GP-UCB, kappa 2 (batch)",9,2,14,58.569,0.014,58.583,
Scheffe fit to all 24,low (SEM 4.97),"GP-UCB, kappa 2 (batch)",9,3,18,58.569,0.014,58.583,1.959
Scheffe fit to all 24,low (SEM 4.97),GP-EI (batch),9,0,6,53.066,5.517,58.583,
Scheffe fit to all 24,low (SEM 4.97),GP-EI (batch),9,1,10,53.066,5.517,58.583,
Scheffe fit to all 24,low (SEM 4.97),GP-EI (batch),9,2,14,53.066,5.517,58.583,
Scheffe fit to all 24,low (SEM 4.97),GP-EI (batch),9,3,18,53.066,5.517,58.583,6.27
Scheffe fit to all 24,low (SEM 4.97),Four-role policy (deployed),9,0,6,53.066,5.517,58.583,
Scheffe fit to all 24,low (SEM 4.97),Four-role policy (deployed),9,1,10,56.624,1.959,58.583,
Scheffe fit to all 24,low (SEM 4.97),Four-role policy (deployed),9,2,14,56.624,1.959,58.583,
Scheffe fit to all 24,low (SEM 4.97),Four-role policy (deployed),9,3,18,58.569,0.014,58.583,1.758
Scheffe fit to all 24,low (SEM 4.97),Random (feasible),10,0,6,55.484,3.099,58.583,
Scheffe fit to all 24,low (SEM 4.97),Random (feasible),10,1,10,55.484,3.099,58.583,
Scheffe fit to all 24,low (SEM 4.97),Random (feasible),10,2,14,55.484,3.099,58.583,
Scheffe fit to all 24,low (SEM 4.97),Random (feasible),10,3,18,55.509,3.075,58.583,3.075
Scheffe fit to all 24,low (SEM 4.97),GP greedy (exploit only),10,0,6,55.484,3.099,58.583,
Scheffe fit to all 24,low (SEM 4.97),GP greedy (exploit only),10,1,10,55.484,3.099,58.583,
Scheffe fit to all 24,low (SEM 4.97),GP greedy (exploit only),10,2,14,55.484,3.099,58.583,
Scheffe fit to all 24,low (SEM 4.97),GP greedy (exploit only),10,3,18,55.484,3.099,58.583,6.393
Scheffe fit to all 24,low (SEM 4.97),"GP-UCB, kappa 2 (batch)",10,0,6,55.484,3.099,58.583,
Scheffe fit to all 24,low (SEM 4.97),"GP-UCB, kappa 2 (batch)",10,1,10,55.484,3.099,58.583,
Scheffe fit to all 24,low (SEM 4.97),"GP-UCB, kappa 2 (batch)",10,2,14,57.948,0.635,58.583,
Scheffe fit to all 24,low (SEM 4.97),"GP-UCB, kappa 2 (batch)",10,3,18,57.948,0.635,58.583,3.973
Scheffe fit to all 24,low (SEM 4.97),GP-EI (batch),10,0,6,55.484,3.099,58.583,
Scheffe fit to all 24,low (SEM 4.97),GP-EI (batch),10,1,10,56.99,1.593,58.583,
Scheffe fit to all 24,low (SEM 4.97),GP-EI (batch),10,2,14,56.99,1.593,58.583,
Scheffe fit to all 24,low (SEM 4.97),GP-EI (batch),10,3,18,56.99,1.593,58.583,2.076
Scheffe fit to all 24,low (SEM 4.97),Four-role policy (deployed),10,0,6,55.484,3.099,58.583,
Scheffe fit to all 24,low (SEM 4.97),Four-role policy (deployed),10,1,10,57.301,1.282,58.583,
Scheffe fit to all 24,low (SEM 4.97),Four-role policy (deployed),10,2,14,57.301,1.282,58.583,
Scheffe fit to all 24,low (SEM 4.97),Four-role policy (deployed),10,3,18,58.569,0.014,58.583,0.014
Scheffe fit to all 24,low (SEM 4.97),Random (feasible),11,0,6,54.227,4.356,58.583,
Scheffe fit to all 24,low (SEM 4.97),Random (feasible),11,1,10,57.702,0.882,58.583,
Scheffe fit to all 24,low (SEM 4.97),Random (feasible),11,2,14,57.702,0.882,58.583,
Scheffe fit to all 24,low (SEM 4.97),Random (feasible),11,3,18,57.702,0.882,58.583,0.882
Scheffe fit to all 24,low (SEM 4.97),GP greedy (exploit only),11,0,6,54.227,4.356,58.583,
Scheffe fit to all 24,low (SEM 4.97),GP greedy (exploit only),11,1,10,54.227,4.356,58.583,
Scheffe fit to all 24,low (SEM 4.97),GP greedy (exploit only),11,2,14,54.227,4.356,58.583,
Scheffe fit to all 24,low (SEM 4.97),GP greedy (exploit only),11,3,18,54.227,4.356,58.583,10.614
Scheffe fit to all 24,low (SEM 4.97),"GP-UCB, kappa 2 (batch)",11,0,6,54.227,4.356,58.583,
Scheffe fit to all 24,low (SEM 4.97),"GP-UCB, kappa 2 (batch)",11,1,10,58.569,0.014,58.583,
Scheffe fit to all 24,low (SEM 4.97),"GP-UCB, kappa 2 (batch)",11,2,14,58.569,0.014,58.583,
Scheffe fit to all 24,low (SEM 4.97),"GP-UCB, kappa 2 (batch)",11,3,18,58.569,0.014,58.583,2.41
Scheffe fit to all 24,low (SEM 4.97),GP-EI (batch),11,0,6,54.227,4.356,58.583,
Scheffe fit to all 24,low (SEM 4.97),GP-EI (batch),11,1,10,54.227,4.356,58.583,
Scheffe fit to all 24,low (SEM 4.97),GP-EI (batch),11,2,14,58.569,0.014,58.583,
Scheffe fit to all 24,low (SEM 4.97),GP-EI (batch),11,3,18,58.569,0.014,58.583,0.794
Scheffe fit to all 24,low (SEM 4.97),Four-role policy (deployed),11,0,6,54.227,4.356,58.583,
Scheffe fit to all 24,low (SEM 4.97),Four-role policy (deployed),11,1,10,55.29,3.293,58.583,
Scheffe fit to all 24,low (SEM 4.97),Four-role policy (deployed),11,2,14,57.147,1.436,58.583,
Scheffe fit to all 24,low (SEM 4.97),Four-role policy (deployed),11,3,18,57.992,0.592,58.583,1.436
Scheffe fit to all 24,low (SEM 4.97),Random (feasible),12,0,6,54.08,4.503,58.583,
Scheffe fit to all 24,low (SEM 4.97),Random (feasible),12,1,10,54.08,4.503,58.583,
Scheffe fit to all 24,low (SEM 4.97),Random (feasible),12,2,14,54.08,4.503,58.583,
Scheffe fit to all 24,low (SEM 4.97),Random (feasible),12,3,18,56.184,2.399,58.583,6.092
Scheffe fit to all 24,low (SEM 4.97),GP greedy (exploit only),12,0,6,54.08,4.503,58.583,
Scheffe fit to all 24,low (SEM 4.97),GP greedy (exploit only),12,1,10,54.08,4.503,58.583,
Scheffe fit to all 24,low (SEM 4.97),GP greedy (exploit only),12,2,14,54.08,4.503,58.583,
Scheffe fit to all 24,low (SEM 4.97),GP greedy (exploit only),12,3,18,54.08,4.503,58.583,6.172
Scheffe fit to all 24,low (SEM 4.97),"GP-UCB, kappa 2 (batch)",12,0,6,54.08,4.503,58.583,
Scheffe fit to all 24,low (SEM 4.97),"GP-UCB, kappa 2 (batch)",12,1,10,58.569,0.014,58.583,
Scheffe fit to all 24,low (SEM 4.97),"GP-UCB, kappa 2 (batch)",12,2,14,58.569,0.014,58.583,
Scheffe fit to all 24,low (SEM 4.97),"GP-UCB, kappa 2 (batch)",12,3,18,58.569,0.014,58.583,0.318
Scheffe fit to all 24,low (SEM 4.97),GP-EI (batch),12,0,6,54.08,4.503,58.583,
Scheffe fit to all 24,low (SEM 4.97),GP-EI (batch),12,1,10,54.08,4.503,58.583,
Scheffe fit to all 24,low (SEM 4.97),GP-EI (batch),12,2,14,54.08,4.503,58.583,
Scheffe fit to all 24,low (SEM 4.97),GP-EI (batch),12,3,18,58.569,0.014,58.583,0.014
Scheffe fit to all 24,low (SEM 4.97),Four-role policy (deployed),12,0,6,54.08,4.503,58.583,
Scheffe fit to all 24,low (SEM 4.97),Four-role policy (deployed),12,1,10,56.719,1.864,58.583,
Scheffe fit to all 24,low (SEM 4.97),Four-role policy (deployed),12,2,14,56.719,1.864,58.583,
Scheffe fit to all 24,low (SEM 4.97),Four-role policy (deployed),12,3,18,56.719,1.864,58.583,6.092
Scheffe fit to all 24,low (SEM 4.97),Random (feasible),13,0,6,54.02,4.563,58.583,
Scheffe fit to all 24,low (SEM 4.97),Random (feasible),13,1,10,54.528,4.056,58.583,
Scheffe fit to all 24,low (SEM 4.97),Random (feasible),13,2,14,57.945,0.638,58.583,
Scheffe fit to all 24,low (SEM 4.97),Random (feasible),13,3,18,57.945,0.638,58.583,0.638
Scheffe fit to all 24,low (SEM 4.97),GP greedy (exploit only),13,0,6,54.02,4.563,58.583,
Scheffe fit to all 24,low (SEM 4.97),GP greedy (exploit only),13,1,10,54.02,4.563,58.583,
Scheffe fit to all 24,low (SEM 4.97),GP greedy (exploit only),13,2,14,54.02,4.563,58.583,
Scheffe fit to all 24,low (SEM 4.97),GP greedy (exploit only),13,3,18,54.02,4.563,58.583,4.951
Scheffe fit to all 24,low (SEM 4.97),"GP-UCB, kappa 2 (batch)",13,0,6,54.02,4.563,58.583,
Scheffe fit to all 24,low (SEM 4.97),"GP-UCB, kappa 2 (batch)",13,1,10,54.02,4.563,58.583,
Scheffe fit to all 24,low (SEM 4.97),"GP-UCB, kappa 2 (batch)",13,2,14,54.02,4.563,58.583,
Scheffe fit to all 24,low (SEM 4.97),"GP-UCB, kappa 2 (batch)",13,3,18,54.02,4.563,58.583,4.746
Scheffe fit to all 24,low (SEM 4.97),GP-EI (batch),13,0,6,54.02,4.563,58.583,
Scheffe fit to all 24,low (SEM 4.97),GP-EI (batch),13,1,10,54.02,4.563,58.583,
Scheffe fit to all 24,low (SEM 4.97),GP-EI (batch),13,2,14,54.02,4.563,58.583,
Scheffe fit to all 24,low (SEM 4.97),GP-EI (batch),13,3,18,54.02,4.563,58.583,4.623
Scheffe fit to all 24,low (SEM 4.97),Four-role policy (deployed),13,0,6,54.02,4.563,58.583,
Scheffe fit to all 24,low (SEM 4.97),Four-role policy (deployed),13,1,10,54.02,4.563,58.583,
Scheffe fit to all 24,low (SEM 4.97),Four-role policy (deployed),13,2,14,54.02,4.563,58.583,
Scheffe fit to all 24,low (SEM 4.97),Four-role policy (deployed),13,3,18,54.02,4.563,58.583,8.27
Scheffe fit to all 24,low (SEM 4.97),Random (feasible),14,0,6,56.344,2.24,58.583,
Scheffe fit to all 24,low (SEM 4.97),Random (feasible),14,1,10,56.344,2.24,58.583,
Scheffe fit to all 24,low (SEM 4.97),Random (feasible),14,2,14,56.757,1.826,58.583,
Scheffe fit to all 24,low (SEM 4.97),Random (feasible),14,3,18,56.757,1.826,58.583,2.24
Scheffe fit to all 24,low (SEM 4.97),GP greedy (exploit only),14,0,6,56.344,2.24,58.583,
Scheffe fit to all 24,low (SEM 4.97),GP greedy (exploit only),14,1,10,56.84,1.744,58.583,
Scheffe fit to all 24,low (SEM 4.97),GP greedy (exploit only),14,2,14,56.84,1.744,58.583,
Scheffe fit to all 24,low (SEM 4.97),GP greedy (exploit only),14,3,18,56.84,1.744,58.583,2.938
Scheffe fit to all 24,low (SEM 4.97),"GP-UCB, kappa 2 (batch)",14,0,6,56.344,2.24,58.583,
Scheffe fit to all 24,low (SEM 4.97),"GP-UCB, kappa 2 (batch)",14,1,10,57.09,1.494,58.583,
Scheffe fit to all 24,low (SEM 4.97),"GP-UCB, kappa 2 (batch)",14,2,14,57.09,1.494,58.583,
Scheffe fit to all 24,low (SEM 4.97),"GP-UCB, kappa 2 (batch)",14,3,18,57.09,1.494,58.583,2.74
Scheffe fit to all 24,low (SEM 4.97),GP-EI (batch),14,0,6,56.344,2.24,58.583,
Scheffe fit to all 24,low (SEM 4.97),GP-EI (batch),14,1,10,57.075,1.508,58.583,
Scheffe fit to all 24,low (SEM 4.97),GP-EI (batch),14,2,14,57.432,1.152,58.583,
Scheffe fit to all 24,low (SEM 4.97),GP-EI (batch),14,3,18,57.769,0.815,58.583,2.74
Scheffe fit to all 24,low (SEM 4.97),Four-role policy (deployed),14,0,6,56.344,2.24,58.583,
Scheffe fit to all 24,low (SEM 4.97),Four-role policy (deployed),14,1,10,56.84,1.744,58.583,
Scheffe fit to all 24,low (SEM 4.97),Four-role policy (deployed),14,2,14,57.885,0.699,58.583,
Scheffe fit to all 24,low (SEM 4.97),Four-role policy (deployed),14,3,18,57.885,0.699,58.583,3.126
Scheffe fit to all 24,low (SEM 4.97),Random (feasible),15,0,6,56.635,1.948,58.583,
Scheffe fit to all 24,low (SEM 4.97),Random (feasible),15,1,10,56.635,1.948,58.583,
Scheffe fit to all 24,low (SEM 4.97),Random (feasible),15,2,14,56.635,1.948,58.583,
Scheffe fit to all 24,low (SEM 4.97),Random (feasible),15,3,18,56.635,1.948,58.583,1.948
Scheffe fit to all 24,low (SEM 4.97),GP greedy (exploit only),15,0,6,56.635,1.948,58.583,
Scheffe fit to all 24,low (SEM 4.97),GP greedy (exploit only),15,1,10,56.635,1.948,58.583,
Scheffe fit to all 24,low (SEM 4.97),GP greedy (exploit only),15,2,14,58.063,0.52,58.583,
Scheffe fit to all 24,low (SEM 4.97),GP greedy (exploit only),15,3,18,58.063,0.52,58.583,3.024
Scheffe fit to all 24,low (SEM 4.97),"GP-UCB, kappa 2 (batch)",15,0,6,56.635,1.948,58.583,
Scheffe fit to all 24,low (SEM 4.97),"GP-UCB, kappa 2 (batch)",15,1,10,56.635,1.948,58.583,
Scheffe fit to all 24,low (SEM 4.97),"GP-UCB, kappa 2 (batch)",15,2,14,58.569,0.014,58.583,
Scheffe fit to all 24,low (SEM 4.97),"GP-UCB, kappa 2 (batch)",15,3,18,58.569,0.014,58.583,0.635
Scheffe fit to all 24,low (SEM 4.97),GP-EI (batch),15,0,6,56.635,1.948,58.583,
Scheffe fit to all 24,low (SEM 4.97),GP-EI (batch),15,1,10,56.635,1.948,58.583,
Scheffe fit to all 24,low (SEM 4.97),GP-EI (batch),15,2,14,58.539,0.044,58.583,
Scheffe fit to all 24,low (SEM 4.97),GP-EI (batch),15,3,18,58.539,0.044,58.583,1.666
Scheffe fit to all 24,low (SEM 4.97),Four-role policy (deployed),15,0,6,56.635,1.948,58.583,
Scheffe fit to all 24,low (SEM 4.97),Four-role policy (deployed),15,1,10,56.635,1.948,58.583,
Scheffe fit to all 24,low (SEM 4.97),Four-role policy (deployed),15,2,14,58.569,0.014,58.583,
Scheffe fit to all 24,low (SEM 4.97),Four-role policy (deployed),15,3,18,58.569,0.014,58.583,2.289
Scheffe fit to all 24,low (SEM 4.97),Random (feasible),16,0,6,54.749,3.835,58.583,
Scheffe fit to all 24,low (SEM 4.97),Random (feasible),16,1,10,54.749,3.835,58.583,
Scheffe fit to all 24,low (SEM 4.97),Random (feasible),16,2,14,54.749,3.835,58.583,
Scheffe fit to all 24,low (SEM 4.97),Random (feasible),16,3,18,57.786,0.797,58.583,0.797
Scheffe fit to all 24,low (SEM 4.97),GP greedy (exploit only),16,0,6,54.749,3.835,58.583,
Scheffe fit to all 24,low (SEM 4.97),GP greedy (exploit only),16,1,10,54.749,3.835,58.583,
Scheffe fit to all 24,low (SEM 4.97),GP greedy (exploit only),16,2,14,56.868,1.715,58.583,
Scheffe fit to all 24,low (SEM 4.97),GP greedy (exploit only),16,3,18,56.868,1.715,58.583,3.835
Scheffe fit to all 24,low (SEM 4.97),"GP-UCB, kappa 2 (batch)",16,0,6,54.749,3.835,58.583,
Scheffe fit to all 24,low (SEM 4.97),"GP-UCB, kappa 2 (batch)",16,1,10,58.569,0.014,58.583,
Scheffe fit to all 24,low (SEM 4.97),"GP-UCB, kappa 2 (batch)",16,2,14,58.569,0.014,58.583,
Scheffe fit to all 24,low (SEM 4.97),"GP-UCB, kappa 2 (batch)",16,3,18,58.569,0.014,58.583,3.835
Scheffe fit to all 24,low (SEM 4.97),GP-EI (batch),16,0,6,54.749,3.835,58.583,
Scheffe fit to all 24,low (SEM 4.97),GP-EI (batch),16,1,10,58.568,0.015,58.583,
Scheffe fit to all 24,low (SEM 4.97),GP-EI (batch),16,2,14,58.569,0.014,58.583,
Scheffe fit to all 24,low (SEM 4.97),GP-EI (batch),16,3,18,58.569,0.014,58.583,0.496
Scheffe fit to all 24,low (SEM 4.97),Four-role policy (deployed),16,0,6,54.749,3.835,58.583,
Scheffe fit to all 24,low (SEM 4.97),Four-role policy (deployed),16,1,10,55.575,3.009,58.583,
Scheffe fit to all 24,low (SEM 4.97),Four-role policy (deployed),16,2,14,58.477,0.107,58.583,
Scheffe fit to all 24,low (SEM 4.97),Four-role policy (deployed),16,3,18,58.569,0.014,58.583,0.496
Scheffe fit to all 24,low (SEM 4.97),Random (feasible),17,0,6,54.97,3.613,58.583,
Scheffe fit to all 24,low (SEM 4.97),Random (feasible),17,1,10,55.681,2.903,58.583,
Scheffe fit to all 24,low (SEM 4.97),Random (feasible),17,2,14,55.681,2.903,58.583,
Scheffe fit to all 24,low (SEM 4.97),Random (feasible),17,3,18,56.309,2.274,58.583,3.633
Scheffe fit to all 24,low (SEM 4.97),GP greedy (exploit only),17,0,6,54.97,3.613,58.583,
Scheffe fit to all 24,low (SEM 4.97),GP greedy (exploit only),17,1,10,54.97,3.613,58.583,
Scheffe fit to all 24,low (SEM 4.97),GP greedy (exploit only),17,2,14,54.97,3.613,58.583,
Scheffe fit to all 24,low (SEM 4.97),GP greedy (exploit only),17,3,18,54.97,3.613,58.583,9.168
Scheffe fit to all 24,low (SEM 4.97),"GP-UCB, kappa 2 (batch)",17,0,6,54.97,3.613,58.583,
Scheffe fit to all 24,low (SEM 4.97),"GP-UCB, kappa 2 (batch)",17,1,10,55.766,2.817,58.583,
Scheffe fit to all 24,low (SEM 4.97),"GP-UCB, kappa 2 (batch)",17,2,14,58.088,0.496,58.583,
Scheffe fit to all 24,low (SEM 4.97),"GP-UCB, kappa 2 (batch)",17,3,18,58.569,0.014,58.583,0.496
Scheffe fit to all 24,low (SEM 4.97),GP-EI (batch),17,0,6,54.97,3.613,58.583,
Scheffe fit to all 24,low (SEM 4.97),GP-EI (batch),17,1,10,55.766,2.817,58.583,
Scheffe fit to all 24,low (SEM 4.97),GP-EI (batch),17,2,14,57.702,0.882,58.583,
Scheffe fit to all 24,low (SEM 4.97),GP-EI (batch),17,3,18,58.496,0.087,58.583,0.882
Scheffe fit to all 24,low (SEM 4.97),Four-role policy (deployed),17,0,6,54.97,3.613,58.583,
Scheffe fit to all 24,low (SEM 4.97),Four-role policy (deployed),17,1,10,56.145,2.438,58.583,
Scheffe fit to all 24,low (SEM 4.97),Four-role policy (deployed),17,2,14,56.825,1.759,58.583,
Scheffe fit to all 24,low (SEM 4.97),Four-role policy (deployed),17,3,18,56.825,1.759,58.583,6.843
Scheffe fit to all 24,low (SEM 4.97),Random (feasible),18,0,6,56.313,2.27,58.583,
Scheffe fit to all 24,low (SEM 4.97),Random (feasible),18,1,10,56.313,2.27,58.583,
Scheffe fit to all 24,low (SEM 4.97),Random (feasible),18,2,14,56.313,2.27,58.583,
Scheffe fit to all 24,low (SEM 4.97),Random (feasible),18,3,18,56.313,2.27,58.583,2.505
Scheffe fit to all 24,low (SEM 4.97),GP greedy (exploit only),18,0,6,56.313,2.27,58.583,
Scheffe fit to all 24,low (SEM 4.97),GP greedy (exploit only),18,1,10,56.313,2.27,58.583,
Scheffe fit to all 24,low (SEM 4.97),GP greedy (exploit only),18,2,14,57.948,0.635,58.583,
Scheffe fit to all 24,low (SEM 4.97),GP greedy (exploit only),18,3,18,57.948,0.635,58.583,2.385
Scheffe fit to all 24,low (SEM 4.97),"GP-UCB, kappa 2 (batch)",18,0,6,56.313,2.27,58.583,
Scheffe fit to all 24,low (SEM 4.97),"GP-UCB, kappa 2 (batch)",18,1,10,58.569,0.014,58.583,
Scheffe fit to all 24,low (SEM 4.97),"GP-UCB, kappa 2 (batch)",18,2,14,58.569,0.014,58.583,
Scheffe fit to all 24,low (SEM 4.97),"GP-UCB, kappa 2 (batch)",18,3,18,58.569,0.014,58.583,3.868
Scheffe fit to all 24,low (SEM 4.97),GP-EI (batch),18,0,6,56.313,2.27,58.583,
Scheffe fit to all 24,low (SEM 4.97),GP-EI (batch),18,1,10,56.313,2.27,58.583,
Scheffe fit to all 24,low (SEM 4.97),GP-EI (batch),18,2,14,57.885,0.699,58.583,
Scheffe fit to all 24,low (SEM 4.97),GP-EI (batch),18,3,18,58.569,0.014,58.583,0.014
Scheffe fit to all 24,low (SEM 4.97),Four-role policy (deployed),18,0,6,56.313,2.27,58.583,
Scheffe fit to all 24,low (SEM 4.97),Four-role policy (deployed),18,1,10,56.313,2.27,58.583,
Scheffe fit to all 24,low (SEM 4.97),Four-role policy (deployed),18,2,14,58.569,0.014,58.583,
Scheffe fit to all 24,low (SEM 4.97),Four-role policy (deployed),18,3,18,58.569,0.014,58.583,3.895
Scheffe fit to all 24,low (SEM 4.97),Random (feasible),19,0,6,54.585,3.998,58.583,
Scheffe fit to all 24,low (SEM 4.97),Random (feasible),19,1,10,55.446,3.138,58.583,
Scheffe fit to all 24,low (SEM 4.97),Random (feasible),19,2,14,58.062,0.522,58.583,
Scheffe fit to all 24,low (SEM 4.97),Random (feasible),19,3,18,58.062,0.522,58.583,4.784
Scheffe fit to all 24,low (SEM 4.97),GP greedy (exploit only),19,0,6,54.585,3.998,58.583,
Scheffe fit to all 24,low (SEM 4.97),GP greedy (exploit only),19,1,10,55.349,3.234,58.583,
Scheffe fit to all 24,low (SEM 4.97),GP greedy (exploit only),19,2,14,56.49,2.093,58.583,
Scheffe fit to all 24,low (SEM 4.97),GP greedy (exploit only),19,3,18,57.246,1.338,58.583,1.543
Scheffe fit to all 24,low (SEM 4.97),"GP-UCB, kappa 2 (batch)",19,0,6,54.585,3.998,58.583,
Scheffe fit to all 24,low (SEM 4.97),"GP-UCB, kappa 2 (batch)",19,1,10,55.533,3.051,58.583,
Scheffe fit to all 24,low (SEM 4.97),"GP-UCB, kappa 2 (batch)",19,2,14,56.103,2.48,58.583,
Scheffe fit to all 24,low (SEM 4.97),"GP-UCB, kappa 2 (batch)",19,3,18,57.323,1.261,58.583,3.998
Scheffe fit to all 24,low (SEM 4.97),GP-EI (batch),19,0,6,54.585,3.998,58.583,
Scheffe fit to all 24,low (SEM 4.97),GP-EI (batch),19,1,10,57.04,1.543,58.583,
Scheffe fit to all 24,low (SEM 4.97),GP-EI (batch),19,2,14,58.496,0.087,58.583,
Scheffe fit to all 24,low (SEM 4.97),GP-EI (batch),19,3,18,58.496,0.087,58.583,3.268
Scheffe fit to all 24,low (SEM 4.97),Four-role policy (deployed),19,0,6,54.585,3.998,58.583,
Scheffe fit to all 24,low (SEM 4.97),Four-role policy (deployed),19,1,10,55.349,3.234,58.583,
Scheffe fit to all 24,low (SEM 4.97),Four-role policy (deployed),19,2,14,55.349,3.234,58.583,
Scheffe fit to all 24,low (SEM 4.97),Four-role policy (deployed),19,3,18,57.138,1.446,58.583,1.446
Scheffe fit to all 24,low (SEM 4.97),Random (feasible),20,0,6,51.723,6.861,58.583,
Scheffe fit to all 24,low (SEM 4.97),Random (feasible),20,1,10,51.723,6.861,58.583,
Scheffe fit to all 24,low (SEM 4.97),Random (feasible),20,2,14,53.952,4.631,58.583,
Scheffe fit to all 24,low (SEM 4.97),Random (feasible),20,3,18,53.952,4.631,58.583,5.219
Scheffe fit to all 24,low (SEM 4.97),GP greedy (exploit only),20,0,6,51.723,6.861,58.583,
Scheffe fit to all 24,low (SEM 4.97),GP greedy (exploit only),20,1,10,52.542,6.042,58.583,
Scheffe fit to all 24,low (SEM 4.97),GP greedy (exploit only),20,2,14,54.14,4.443,58.583,
Scheffe fit to all 24,low (SEM 4.97),GP greedy (exploit only),20,3,18,55.56,3.024,58.583,6.409
Scheffe fit to all 24,low (SEM 4.97),"GP-UCB, kappa 2 (batch)",20,0,6,51.723,6.861,58.583,
Scheffe fit to all 24,low (SEM 4.97),"GP-UCB, kappa 2 (batch)",20,1,10,58.569,0.014,58.583,
Scheffe fit to all 24,low (SEM 4.97),"GP-UCB, kappa 2 (batch)",20,2,14,58.569,0.014,58.583,
Scheffe fit to all 24,low (SEM 4.97),"GP-UCB, kappa 2 (batch)",20,3,18,58.569,0.014,58.583,0.405
Scheffe fit to all 24,low (SEM 4.97),GP-EI (batch),20,0,6,51.723,6.861,58.583,
Scheffe fit to all 24,low (SEM 4.97),GP-EI (batch),20,1,10,57.459,1.125,58.583,
Scheffe fit to all 24,low (SEM 4.97),GP-EI (batch),20,2,14,57.885,0.699,58.583,
Scheffe fit to all 24,low (SEM 4.97),GP-EI (batch),20,3,18,58.569,0.014,58.583,1.125
Scheffe fit to all 24,low (SEM 4.97),Four-role policy (deployed),20,0,6,51.723,6.861,58.583,
Scheffe fit to all 24,low (SEM 4.97),Four-role policy (deployed),20,1,10,55.668,2.915,58.583,
Scheffe fit to all 24,low (SEM 4.97),Four-role policy (deployed),20,2,14,57.893,0.69,58.583,
Scheffe fit to all 24,low (SEM 4.97),Four-role policy (deployed),20,3,18,58.569,0.014,58.583,0.952
Scheffe fit to all 24,low (SEM 4.97),Random (feasible),21,0,6,56.63,1.954,58.583,
Scheffe fit to all 24,low (SEM 4.97),Random (feasible),21,1,10,56.822,1.761,58.583,
Scheffe fit to all 24,low (SEM 4.97),Random (feasible),21,2,14,57.041,1.543,58.583,
Scheffe fit to all 24,low (SEM 4.97),Random (feasible),21,3,18,57.041,1.543,58.583,1.543
Scheffe fit to all 24,low (SEM 4.97),GP greedy (exploit only),21,0,6,56.63,1.954,58.583,
Scheffe fit to all 24,low (SEM 4.97),GP greedy (exploit only),21,1,10,56.63,1.954,58.583,
Scheffe fit to all 24,low (SEM 4.97),GP greedy (exploit only),21,2,14,56.63,1.954,58.583,
Scheffe fit to all 24,low (SEM 4.97),GP greedy (exploit only),21,3,18,56.63,1.954,58.583,6.874
Scheffe fit to all 24,low (SEM 4.97),"GP-UCB, kappa 2 (batch)",21,0,6,56.63,1.954,58.583,
Scheffe fit to all 24,low (SEM 4.97),"GP-UCB, kappa 2 (batch)",21,1,10,56.63,1.954,58.583,
Scheffe fit to all 24,low (SEM 4.97),"GP-UCB, kappa 2 (batch)",21,2,14,56.63,1.954,58.583,
Scheffe fit to all 24,low (SEM 4.97),"GP-UCB, kappa 2 (batch)",21,3,18,56.63,1.954,58.583,3.842
Scheffe fit to all 24,low (SEM 4.97),GP-EI (batch),21,0,6,56.63,1.954,58.583,
Scheffe fit to all 24,low (SEM 4.97),GP-EI (batch),21,1,10,56.63,1.954,58.583,
Scheffe fit to all 24,low (SEM 4.97),GP-EI (batch),21,2,14,56.63,1.954,58.583,
Scheffe fit to all 24,low (SEM 4.97),GP-EI (batch),21,3,18,56.63,1.954,58.583,7.052
Scheffe fit to all 24,low (SEM 4.97),Four-role policy (deployed),21,0,6,56.63,1.954,58.583,
Scheffe fit to all 24,low (SEM 4.97),Four-role policy (deployed),21,1,10,56.63,1.954,58.583,
Scheffe fit to all 24,low (SEM 4.97),Four-role policy (deployed),21,2,14,56.63,1.954,58.583,
Scheffe fit to all 24,low (SEM 4.97),Four-role policy (deployed),21,3,18,56.63,1.954,58.583,5.68
Scheffe fit to all 24,low (SEM 4.97),Random (feasible),22,0,6,54.277,4.306,58.583,
Scheffe fit to all 24,low (SEM 4.97),Random (feasible),22,1,10,54.277,4.306,58.583,
Scheffe fit to all 24,low (SEM 4.97),Random (feasible),22,2,14,56.819,1.764,58.583,
Scheffe fit to all 24,low (SEM 4.97),Random (feasible),22,3,18,56.819,1.764,58.583,9.94
Scheffe fit to all 24,low (SEM 4.97),GP greedy (exploit only),22,0,6,54.277,4.306,58.583,
Scheffe fit to all 24,low (SEM 4.97),GP greedy (exploit only),22,1,10,54.277,4.306,58.583,
Scheffe fit to all 24,low (SEM 4.97),GP greedy (exploit only),22,2,14,54.277,4.306,58.583,
Scheffe fit to all 24,low (SEM 4.97),GP greedy (exploit only),22,3,18,54.766,3.818,58.583,6.221
Scheffe fit to all 24,low (SEM 4.97),"GP-UCB, kappa 2 (batch)",22,0,6,54.277,4.306,58.583,
Scheffe fit to all 24,low (SEM 4.97),"GP-UCB, kappa 2 (batch)",22,1,10,54.277,4.306,58.583,
Scheffe fit to all 24,low (SEM 4.97),"GP-UCB, kappa 2 (batch)",22,2,14,54.277,4.306,58.583,
Scheffe fit to all 24,low (SEM 4.97),"GP-UCB, kappa 2 (batch)",22,3,18,54.277,4.306,58.583,8.438
Scheffe fit to all 24,low (SEM 4.97),GP-EI (batch),22,0,6,54.277,4.306,58.583,
Scheffe fit to all 24,low (SEM 4.97),GP-EI (batch),22,1,10,54.277,4.306,58.583,
Scheffe fit to all 24,low (SEM 4.97),GP-EI (batch),22,2,14,54.277,4.306,58.583,
Scheffe fit to all 24,low (SEM 4.97),GP-EI (batch),22,3,18,54.277,4.306,58.583,8.438
Scheffe fit to all 24,low (SEM 4.97),Four-role policy (deployed),22,0,6,54.277,4.306,58.583,
Scheffe fit to all 24,low (SEM 4.97),Four-role policy (deployed),22,1,10,54.277,4.306,58.583,
Scheffe fit to all 24,low (SEM 4.97),Four-role policy (deployed),22,2,14,54.277,4.306,58.583,
Scheffe fit to all 24,low (SEM 4.97),Four-role policy (deployed),22,3,18,56.59,1.993,58.583,7.744
Scheffe fit to all 24,low (SEM 4.97),Random (feasible),23,0,6,51.07,7.513,58.583,
Scheffe fit to all 24,low (SEM 4.97),Random (feasible),23,1,10,57.182,1.401,58.583,
Scheffe fit to all 24,low (SEM 4.97),Random (feasible),23,2,14,57.182,1.401,58.583,
Scheffe fit to all 24,low (SEM 4.97),Random (feasible),23,3,18,57.182,1.401,58.583,7.655
Scheffe fit to all 24,low (SEM 4.97),GP greedy (exploit only),23,0,6,51.07,7.513,58.583,
Scheffe fit to all 24,low (SEM 4.97),GP greedy (exploit only),23,1,10,51.941,6.642,58.583,
Scheffe fit to all 24,low (SEM 4.97),GP greedy (exploit only),23,2,14,51.941,6.642,58.583,
Scheffe fit to all 24,low (SEM 4.97),GP greedy (exploit only),23,3,18,53.149,5.435,58.583,6.151
Scheffe fit to all 24,low (SEM 4.97),"GP-UCB, kappa 2 (batch)",23,0,6,51.07,7.513,58.583,
Scheffe fit to all 24,low (SEM 4.97),"GP-UCB, kappa 2 (batch)",23,1,10,54.439,4.144,58.583,
Scheffe fit to all 24,low (SEM 4.97),"GP-UCB, kappa 2 (batch)",23,2,14,55.258,3.326,58.583,
Scheffe fit to all 24,low (SEM 4.97),"GP-UCB, kappa 2 (batch)",23,3,18,58.569,0.014,58.583,0.014
Scheffe fit to all 24,low (SEM 4.97),GP-EI (batch),23,0,6,51.07,7.513,58.583,
Scheffe fit to all 24,low (SEM 4.97),GP-EI (batch),23,1,10,53.178,5.405,58.583,
Scheffe fit to all 24,low (SEM 4.97),GP-EI (batch),23,2,14,53.178,5.405,58.583,
Scheffe fit to all 24,low (SEM 4.97),GP-EI (batch),23,3,18,53.178,5.405,58.583,8.571
Scheffe fit to all 24,low (SEM 4.97),Four-role policy (deployed),23,0,6,51.07,7.513,58.583,
Scheffe fit to all 24,low (SEM 4.97),Four-role policy (deployed),23,1,10,55.668,2.915,58.583,
Scheffe fit to all 24,low (SEM 4.97),Four-role policy (deployed),23,2,14,55.668,2.915,58.583,
Scheffe fit to all 24,low (SEM 4.97),Four-role policy (deployed),23,3,18,57.23,1.354,58.583,1.354
Scheffe fit to all 24,low (SEM 4.97),Random (feasible),24,0,6,55.784,2.8,58.583,
Scheffe fit to all 24,low (SEM 4.97),Random (feasible),24,1,10,55.784,2.8,58.583,
Scheffe fit to all 24,low (SEM 4.97),Random (feasible),24,2,14,55.784,2.8,58.583,
Scheffe fit to all 24,low (SEM 4.97),Random (feasible),24,3,18,55.784,2.8,58.583,3.634
Scheffe fit to all 24,low (SEM 4.97),GP greedy (exploit only),24,0,6,55.784,2.8,58.583,
Scheffe fit to all 24,low (SEM 4.97),GP greedy (exploit only),24,1,10,56.161,2.422,58.583,
Scheffe fit to all 24,low (SEM 4.97),GP greedy (exploit only),24,2,14,58.173,0.41,58.583,
Scheffe fit to all 24,low (SEM 4.97),GP greedy (exploit only),24,3,18,58.173,0.41,58.583,0.41
Scheffe fit to all 24,low (SEM 4.97),"GP-UCB, kappa 2 (batch)",24,0,6,55.784,2.8,58.583,
Scheffe fit to all 24,low (SEM 4.97),"GP-UCB, kappa 2 (batch)",24,1,10,58.569,0.014,58.583,
Scheffe fit to all 24,low (SEM 4.97),"GP-UCB, kappa 2 (batch)",24,2,14,58.569,0.014,58.583,
Scheffe fit to all 24,low (SEM 4.97),"GP-UCB, kappa 2 (batch)",24,3,18,58.569,0.014,58.583,1.959
Scheffe fit to all 24,low (SEM 4.97),GP-EI (batch),24,0,6,55.784,2.8,58.583,
Scheffe fit to all 24,low (SEM 4.97),GP-EI (batch),24,1,10,58.062,0.522,58.583,
Scheffe fit to all 24,low (SEM 4.97),GP-EI (batch),24,2,14,58.569,0.014,58.583,
Scheffe fit to all 24,low (SEM 4.97),GP-EI (batch),24,3,18,58.569,0.014,58.583,0.703
Scheffe fit to all 24,low (SEM 4.97),Four-role policy (deployed),24,0,6,55.784,2.8,58.583,
Scheffe fit to all 24,low (SEM 4.97),Four-role policy (deployed),24,1,10,55.784,2.8,58.583,
Scheffe fit to all 24,low (SEM 4.97),Four-role policy (deployed),24,2,14,56.226,2.358,58.583,
Scheffe fit to all 24,low (SEM 4.97),Four-role policy (deployed),24,3,18,58.569,0.014,58.583,2.358
Scheffe fit to all 24,low (SEM 4.97),Random (feasible),25,0,6,58.366,0.217,58.583,
Scheffe fit to all 24,low (SEM 4.97),Random (feasible),25,1,10,58.366,0.217,58.583,
Scheffe fit to all 24,low (SEM 4.97),Random (feasible),25,2,14,58.366,0.217,58.583,
Scheffe fit to all 24,low (SEM 4.97),Random (feasible),25,3,18,58.366,0.217,58.583,0.217
Scheffe fit to all 24,low (SEM 4.97),GP greedy (exploit only),25,0,6,58.366,0.217,58.583,
Scheffe fit to all 24,low (SEM 4.97),GP greedy (exploit only),25,1,10,58.366,0.217,58.583,
Scheffe fit to all 24,low (SEM 4.97),GP greedy (exploit only),25,2,14,58.569,0.014,58.583,
Scheffe fit to all 24,low (SEM 4.97),GP greedy (exploit only),25,3,18,58.569,0.014,58.583,0.952
Scheffe fit to all 24,low (SEM 4.97),"GP-UCB, kappa 2 (batch)",25,0,6,58.366,0.217,58.583,
Scheffe fit to all 24,low (SEM 4.97),"GP-UCB, kappa 2 (batch)",25,1,10,58.569,0.014,58.583,
Scheffe fit to all 24,low (SEM 4.97),"GP-UCB, kappa 2 (batch)",25,2,14,58.569,0.014,58.583,
Scheffe fit to all 24,low (SEM 4.97),"GP-UCB, kappa 2 (batch)",25,3,18,58.569,0.014,58.583,0.217
Scheffe fit to all 24,low (SEM 4.97),GP-EI (batch),25,0,6,58.366,0.217,58.583,
Scheffe fit to all 24,low (SEM 4.97),GP-EI (batch),25,1,10,58.569,0.014,58.583,
Scheffe fit to all 24,low (SEM 4.97),GP-EI (batch),25,2,14,58.569,0.014,58.583,
Scheffe fit to all 24,low (SEM 4.97),GP-EI (batch),25,3,18,58.569,0.014,58.583,0.217
Scheffe fit to all 24,low (SEM 4.97),Four-role policy (deployed),25,0,6,58.366,0.217,58.583,
Scheffe fit to all 24,low (SEM 4.97),Four-role policy (deployed),25,1,10,58.366,0.217,58.583,
Scheffe fit to all 24,low (SEM 4.97),Four-role policy (deployed),25,2,14,58.569,0.014,58.583,
Scheffe fit to all 24,low (SEM 4.97),Four-role policy (deployed),25,3,18,58.569,0.014,58.583,0.952
Scheffe fit to all 24,low (SEM 4.97),Random (feasible),26,0,6,50.566,8.017,58.583,
Scheffe fit to all 24,low (SEM 4.97),Random (feasible),26,1,10,53.927,4.657,58.583,
Scheffe fit to all 24,low (SEM 4.97),Random (feasible),26,2,14,53.927,4.657,58.583,
Scheffe fit to all 24,low (SEM 4.97),Random (feasible),26,3,18,53.927,4.657,58.583,5.981
Scheffe fit to all 24,low (SEM 4.97),GP greedy (exploit only),26,0,6,50.566,8.017,58.583,
Scheffe fit to all 24,low (SEM 4.97),GP greedy (exploit only),26,1,10,52.341,6.242,58.583,
Scheffe fit to all 24,low (SEM 4.97),GP greedy (exploit only),26,2,14,52.341,6.242,58.583,
Scheffe fit to all 24,low (SEM 4.97),GP greedy (exploit only),26,3,18,52.341,6.242,58.583,8.363
Scheffe fit to all 24,low (SEM 4.97),"GP-UCB, kappa 2 (batch)",26,0,6,50.566,8.017,58.583,
Scheffe fit to all 24,low (SEM 4.97),"GP-UCB, kappa 2 (batch)",26,1,10,57.54,1.044,58.583,
Scheffe fit to all 24,low (SEM 4.97),"GP-UCB, kappa 2 (batch)",26,2,14,58.491,0.093,58.583,
Scheffe fit to all 24,low (SEM 4.97),"GP-UCB, kappa 2 (batch)",26,3,18,58.491,0.093,58.583,8.363
Scheffe fit to all 24,low (SEM 4.97),GP-EI (batch),26,0,6,50.566,8.017,58.583,
Scheffe fit to all 24,low (SEM 4.97),GP-EI (batch),26,1,10,56.366,2.218,58.583,
Scheffe fit to all 24,low (SEM 4.97),GP-EI (batch),26,2,14,56.366,2.218,58.583,
Scheffe fit to all 24,low (SEM 4.97),GP-EI (batch),26,3,18,56.366,2.218,58.583,6.566
Scheffe fit to all 24,low (SEM 4.97),Four-role policy (deployed),26,0,6,50.566,8.017,58.583,
Scheffe fit to all 24,low (SEM 4.97),Four-role policy (deployed),26,1,10,55.668,2.915,58.583,
Scheffe fit to all 24,low (SEM 4.97),Four-role policy (deployed),26,2,14,57.495,1.089,58.583,
Scheffe fit to all 24,low (SEM 4.97),Four-role policy (deployed),26,3,18,58.569,0.014,58.583,0.775
Scheffe fit to all 24,low (SEM 4.97),Random (feasible),27,0,6,57.587,0.996,58.583,
Scheffe fit to all 24,low (SEM 4.97),Random (feasible),27,1,10,57.587,0.996,58.583,
Scheffe fit to all 24,low (SEM 4.97),Random (feasible),27,2,14,58.31,0.274,58.583,
Scheffe fit to all 24,low (SEM 4.97),Random (feasible),27,3,18,58.31,0.274,58.583,0.996
Scheffe fit to all 24,low (SEM 4.97),GP greedy (exploit only),27,0,6,57.587,0.996,58.583,
Scheffe fit to all 24,low (SEM 4.97),GP greedy (exploit only),27,1,10,58.124,0.459,58.583,
Scheffe fit to all 24,low (SEM 4.97),GP greedy (exploit only),27,2,14,58.491,0.093,58.583,
Scheffe fit to all 24,low (SEM 4.97),GP greedy (exploit only),27,3,18,58.491,0.093,58.583,0.937
Scheffe fit to all 24,low (SEM 4.97),"GP-UCB, kappa 2 (batch)",27,0,6,57.587,0.996,58.583,
Scheffe fit to all 24,low (SEM 4.97),"GP-UCB, kappa 2 (batch)",27,1,10,58.569,0.014,58.583,
Scheffe fit to all 24,low (SEM 4.97),"GP-UCB, kappa 2 (batch)",27,2,14,58.569,0.014,58.583,
Scheffe fit to all 24,low (SEM 4.97),"GP-UCB, kappa 2 (batch)",27,3,18,58.569,0.014,58.583,0.493
Scheffe fit to all 24,low (SEM 4.97),GP-EI (batch),27,0,6,57.587,0.996,58.583,
Scheffe fit to all 24,low (SEM 4.97),GP-EI (batch),27,1,10,58.305,0.279,58.583,
Scheffe fit to all 24,low (SEM 4.97),GP-EI (batch),27,2,14,58.305,0.279,58.583,
Scheffe fit to all 24,low (SEM 4.97),GP-EI (batch),27,3,18,58.305,0.279,58.583,0.691
Scheffe fit to all 24,low (SEM 4.97),Four-role policy (deployed),27,0,6,57.587,0.996,58.583,
Scheffe fit to all 24,low (SEM 4.97),Four-role policy (deployed),27,1,10,58.124,0.459,58.583,
Scheffe fit to all 24,low (SEM 4.97),Four-role policy (deployed),27,2,14,58.124,0.459,58.583,
Scheffe fit to all 24,low (SEM 4.97),Four-role policy (deployed),27,3,18,58.279,0.304,58.583,1.044
Scheffe fit to all 24,low (SEM 4.97),Random (feasible),28,0,6,55.047,3.537,58.583,
Scheffe fit to all 24,low (SEM 4.97),Random (feasible),28,1,10,55.047,3.537,58.583,
Scheffe fit to all 24,low (SEM 4.97),Random (feasible),28,2,14,55.047,3.537,58.583,
Scheffe fit to all 24,low (SEM 4.97),Random (feasible),28,3,18,55.047,3.537,58.583,3.537
Scheffe fit to all 24,low (SEM 4.97),GP greedy (exploit only),28,0,6,55.047,3.537,58.583,
Scheffe fit to all 24,low (SEM 4.97),GP greedy (exploit only),28,1,10,55.669,2.914,58.583,
Scheffe fit to all 24,low (SEM 4.97),GP greedy (exploit only),28,2,14,56.103,2.48,58.583,
Scheffe fit to all 24,low (SEM 4.97),GP greedy (exploit only),28,3,18,58.491,0.093,58.583,0.093
Scheffe fit to all 24,low (SEM 4.97),"GP-UCB, kappa 2 (batch)",28,0,6,55.047,3.537,58.583,
Scheffe fit to all 24,low (SEM 4.97),"GP-UCB, kappa 2 (batch)",28,1,10,58.569,0.014,58.583,
Scheffe fit to all 24,low (SEM 4.97),"GP-UCB, kappa 2 (batch)",28,2,14,58.569,0.014,58.583,
Scheffe fit to all 24,low (SEM 4.97),"GP-UCB, kappa 2 (batch)",28,3,18,58.569,0.014,58.583,2.358
Scheffe fit to all 24,low (SEM 4.97),GP-EI (batch),28,0,6,55.047,3.537,58.583,
Scheffe fit to all 24,low (SEM 4.97),GP-EI (batch),28,1,10,55.472,3.111,58.583,
Scheffe fit to all 24,low (SEM 4.97),GP-EI (batch),28,2,14,58.27,0.314,58.583,
Scheffe fit to all 24,low (SEM 4.97),GP-EI (batch),28,3,18,58.568,0.015,58.583,0.015
Scheffe fit to all 24,low (SEM 4.97),Four-role policy (deployed),28,0,6,55.047,3.537,58.583,
Scheffe fit to all 24,low (SEM 4.97),Four-role policy (deployed),28,1,10,56.415,2.168,58.583,
Scheffe fit to all 24,low (SEM 4.97),Four-role policy (deployed),28,2,14,56.415,2.168,58.583,
Scheffe fit to all 24,low (SEM 4.97),Four-role policy (deployed),28,3,18,56.798,1.785,58.583,3.522
Scheffe fit to all 24,low (SEM 4.97),Random (feasible),29,0,6,57.112,1.471,58.583,
Scheffe fit to all 24,low (SEM 4.97),Random (feasible),29,1,10,57.112,1.471,58.583,
Scheffe fit to all 24,low (SEM 4.97),Random (feasible),29,2,14,57.112,1.471,58.583,
Scheffe fit to all 24,low (SEM 4.97),Random (feasible),29,3,18,57.112,1.471,58.583,1.755
Scheffe fit to all 24,low (SEM 4.97),GP greedy (exploit only),29,0,6,57.112,1.471,58.583,
Scheffe fit to all 24,low (SEM 4.97),GP greedy (exploit only),29,1,10,57.112,1.471,58.583,
Scheffe fit to all 24,low (SEM 4.97),GP greedy (exploit only),29,2,14,57.112,1.471,58.583,
Scheffe fit to all 24,low (SEM 4.97),GP greedy (exploit only),29,3,18,57.112,1.471,58.583,2.204
Scheffe fit to all 24,low (SEM 4.97),"GP-UCB, kappa 2 (batch)",29,0,6,57.112,1.471,58.583,
Scheffe fit to all 24,low (SEM 4.97),"GP-UCB, kappa 2 (batch)",29,1,10,57.112,1.471,58.583,
Scheffe fit to all 24,low (SEM 4.97),"GP-UCB, kappa 2 (batch)",29,2,14,57.112,1.471,58.583,
Scheffe fit to all 24,low (SEM 4.97),"GP-UCB, kappa 2 (batch)",29,3,18,57.112,1.471,58.583,2.48
Scheffe fit to all 24,low (SEM 4.97),GP-EI (batch),29,0,6,57.112,1.471,58.583,
Scheffe fit to all 24,low (SEM 4.97),GP-EI (batch),29,1,10,57.112,1.471,58.583,
Scheffe fit to all 24,low (SEM 4.97),GP-EI (batch),29,2,14,57.112,1.471,58.583,
Scheffe fit to all 24,low (SEM 4.97),GP-EI (batch),29,3,18,57.112,1.471,58.583,3.155
Scheffe fit to all 24,low (SEM 4.97),Four-role policy (deployed),29,0,6,57.112,1.471,58.583,
Scheffe fit to all 24,low (SEM 4.97),Four-role policy (deployed),29,1,10,57.112,1.471,58.583,
Scheffe fit to all 24,low (SEM 4.97),Four-role policy (deployed),29,2,14,57.112,1.471,58.583,
Scheffe fit to all 24,low (SEM 4.97),Four-role policy (deployed),29,3,18,57.544,1.04,58.583,3.155
Scheffe fit to all 24,high (fitted 11.83),Random (feasible),0,0,6,57.88,0.703,58.583,
Scheffe fit to all 24,high (fitted 11.83),Random (feasible),0,1,10,57.88,0.703,58.583,
Scheffe fit to all 24,high (fitted 11.83),Random (feasible),0,2,14,57.88,0.703,58.583,
Scheffe fit to all 24,high (fitted 11.83),Random (feasible),0,3,18,57.88,0.703,58.583,11.514
Scheffe fit to all 24,high (fitted 11.83),GP greedy (exploit only),0,0,6,57.88,0.703,58.583,
Scheffe fit to all 24,high (fitted 11.83),GP greedy (exploit only),0,1,10,57.88,0.703,58.583,
Scheffe fit to all 24,high (fitted 11.83),GP greedy (exploit only),0,2,14,57.88,0.703,58.583,
Scheffe fit to all 24,high (fitted 11.83),GP greedy (exploit only),0,3,18,57.88,0.703,58.583,10.309
Scheffe fit to all 24,high (fitted 11.83),"GP-UCB, kappa 2 (batch)",0,0,6,57.88,0.703,58.583,
Scheffe fit to all 24,high (fitted 11.83),"GP-UCB, kappa 2 (batch)",0,1,10,57.88,0.703,58.583,
Scheffe fit to all 24,high (fitted 11.83),"GP-UCB, kappa 2 (batch)",0,2,14,57.88,0.703,58.583,
Scheffe fit to all 24,high (fitted 11.83),"GP-UCB, kappa 2 (batch)",0,3,18,57.88,0.703,58.583,10.309
Scheffe fit to all 24,high (fitted 11.83),GP-EI (batch),0,0,6,57.88,0.703,58.583,
Scheffe fit to all 24,high (fitted 11.83),GP-EI (batch),0,1,10,57.88,0.703,58.583,
Scheffe fit to all 24,high (fitted 11.83),GP-EI (batch),0,2,14,57.88,0.703,58.583,
Scheffe fit to all 24,high (fitted 11.83),GP-EI (batch),0,3,18,57.88,0.703,58.583,10.309
Scheffe fit to all 24,high (fitted 11.83),Four-role policy (deployed),0,0,6,57.88,0.703,58.583,
Scheffe fit to all 24,high (fitted 11.83),Four-role policy (deployed),0,1,10,57.88,0.703,58.583,
Scheffe fit to all 24,high (fitted 11.83),Four-role policy (deployed),0,2,14,57.88,0.703,58.583,
Scheffe fit to all 24,high (fitted 11.83),Four-role policy (deployed),0,3,18,57.88,0.703,58.583,10.309
Scheffe fit to all 24,high (fitted 11.83),Random (feasible),1,0,6,54.783,3.8,58.583,
Scheffe fit to all 24,high (fitted 11.83),Random (feasible),1,1,10,56.552,2.032,58.583,
Scheffe fit to all 24,high (fitted 11.83),Random (feasible),1,2,14,57.045,1.539,58.583,
Scheffe fit to all 24,high (fitted 11.83),Random (feasible),1,3,18,57.045,1.539,58.583,7.257
Scheffe fit to all 24,high (fitted 11.83),GP greedy (exploit only),1,0,6,54.783,3.8,58.583,
Scheffe fit to all 24,high (fitted 11.83),GP greedy (exploit only),1,1,10,55.784,2.799,58.583,
Scheffe fit to all 24,high (fitted 11.83),GP greedy (exploit only),1,2,14,55.784,2.799,58.583,
Scheffe fit to all 24,high (fitted 11.83),GP greedy (exploit only),1,3,18,55.843,2.74,58.583,2.929
Scheffe fit to all 24,high (fitted 11.83),"GP-UCB, kappa 2 (batch)",1,0,6,54.783,3.8,58.583,
Scheffe fit to all 24,high (fitted 11.83),"GP-UCB, kappa 2 (batch)",1,1,10,55.496,3.087,58.583,
Scheffe fit to all 24,high (fitted 11.83),"GP-UCB, kappa 2 (batch)",1,2,14,56.49,2.093,58.583,
Scheffe fit to all 24,high (fitted 11.83),"GP-UCB, kappa 2 (batch)",1,3,18,56.49,2.093,58.583,4.221
Scheffe fit to all 24,high (fitted 11.83),GP-EI (batch),1,0,6,54.783,3.8,58.583,
Scheffe fit to all 24,high (fitted 11.83),GP-EI (batch),1,1,10,55.496,3.087,58.583,
Scheffe fit to all 24,high (fitted 11.83),GP-EI (batch),1,2,14,56.268,2.315,58.583,
Scheffe fit to all 24,high (fitted 11.83),GP-EI (batch),1,3,18,56.939,1.644,58.583,4.868
Scheffe fit to all 24,high (fitted 11.83),Four-role policy (deployed),1,0,6,54.783,3.8,58.583,
Scheffe fit to all 24,high (fitted 11.83),Four-role policy (deployed),1,1,10,55.566,3.017,58.583,
Scheffe fit to all 24,high (fitted 11.83),Four-role policy (deployed),1,2,14,56.03,2.553,58.583,
Scheffe fit to all 24,high (fitted 11.83),Four-role policy (deployed),1,3,18,56.121,2.463,58.583,2.463
Scheffe fit to all 24,high (fitted 11.83),Random (feasible),2,0,6,54.463,4.12,58.583,
Scheffe fit to all 24,high (fitted 11.83),Random (feasible),2,1,10,58.279,0.304,58.583,
Scheffe fit to all 24,high (fitted 11.83),Random (feasible),2,2,14,58.279,0.304,58.583,
Scheffe fit to all 24,high (fitted 11.83),Random (feasible),2,3,18,58.279,0.304,58.583,10.939
Scheffe fit to all 24,high (fitted 11.83),GP greedy (exploit only),2,0,6,54.463,4.12,58.583,
Scheffe fit to all 24,high (fitted 11.83),GP greedy (exploit only),2,1,10,54.463,4.12,58.583,
Scheffe fit to all 24,high (fitted 11.83),GP greedy (exploit only),2,2,14,54.463,4.12,58.583,
Scheffe fit to all 24,high (fitted 11.83),GP greedy (exploit only),2,3,18,54.463,4.12,58.583,9.946
Scheffe fit to all 24,high (fitted 11.83),"GP-UCB, kappa 2 (batch)",2,0,6,54.463,4.12,58.583,
Scheffe fit to all 24,high (fitted 11.83),"GP-UCB, kappa 2 (batch)",2,1,10,55.076,3.507,58.583,
Scheffe fit to all 24,high (fitted 11.83),"GP-UCB, kappa 2 (batch)",2,2,14,55.076,3.507,58.583,
Scheffe fit to all 24,high (fitted 11.83),"GP-UCB, kappa 2 (batch)",2,3,18,55.076,3.507,58.583,8.93
Scheffe fit to all 24,high (fitted 11.83),GP-EI (batch),2,0,6,54.463,4.12,58.583,
Scheffe fit to all 24,high (fitted 11.83),GP-EI (batch),2,1,10,54.467,4.117,58.583,
Scheffe fit to all 24,high (fitted 11.83),GP-EI (batch),2,2,14,54.467,4.117,58.583,
Scheffe fit to all 24,high (fitted 11.83),GP-EI (batch),2,3,18,54.467,4.117,58.583,10.44
Scheffe fit to all 24,high (fitted 11.83),Four-role policy (deployed),2,0,6,54.463,4.12,58.583,
Scheffe fit to all 24,high (fitted 11.83),Four-role policy (deployed),2,1,10,54.463,4.12,58.583,
Scheffe fit to all 24,high (fitted 11.83),Four-role policy (deployed),2,2,14,54.463,4.12,58.583,
Scheffe fit to all 24,high (fitted 11.83),Four-role policy (deployed),2,3,18,56.226,2.357,58.583,10.292
Scheffe fit to all 24,high (fitted 11.83),Random (feasible),3,0,6,52.361,6.223,58.583,
Scheffe fit to all 24,high (fitted 11.83),Random (feasible),3,1,10,55.157,3.426,58.583,
Scheffe fit to all 24,high (fitted 11.83),Random (feasible),3,2,14,55.157,3.426,58.583,
Scheffe fit to all 24,high (fitted 11.83),Random (feasible),3,3,18,56.641,1.943,58.583,10.584
Scheffe fit to all 24,high (fitted 11.83),GP greedy (exploit only),3,0,6,52.361,6.223,58.583,
Scheffe fit to all 24,high (fitted 11.83),GP greedy (exploit only),3,1,10,52.361,6.223,58.583,
Scheffe fit to all 24,high (fitted 11.83),GP greedy (exploit only),3,2,14,52.361,6.223,58.583,
Scheffe fit to all 24,high (fitted 11.83),GP greedy (exploit only),3,3,18,55.081,3.502,58.583,10.584
Scheffe fit to all 24,high (fitted 11.83),"GP-UCB, kappa 2 (batch)",3,0,6,52.361,6.223,58.583,
Scheffe fit to all 24,high (fitted 11.83),"GP-UCB, kappa 2 (batch)",3,1,10,52.361,6.223,58.583,
Scheffe fit to all 24,high (fitted 11.83),"GP-UCB, kappa 2 (batch)",3,2,14,53.906,4.678,58.583,
Scheffe fit to all 24,high (fitted 11.83),"GP-UCB, kappa 2 (batch)",3,3,18,58.569,0.014,58.583,10.584
Scheffe fit to all 24,high (fitted 11.83),GP-EI (batch),3,0,6,52.361,6.223,58.583,
Scheffe fit to all 24,high (fitted 11.83),GP-EI (batch),3,1,10,52.361,6.223,58.583,
Scheffe fit to all 24,high (fitted 11.83),GP-EI (batch),3,2,14,53.144,5.44,58.583,
Scheffe fit to all 24,high (fitted 11.83),GP-EI (batch),3,3,18,53.144,5.44,58.583,10.584
Scheffe fit to all 24,high (fitted 11.83),Four-role policy (deployed),3,0,6,52.361,6.223,58.583,
Scheffe fit to all 24,high (fitted 11.83),Four-role policy (deployed),3,1,10,54.372,4.212,58.583,
Scheffe fit to all 24,high (fitted 11.83),Four-role policy (deployed),3,2,14,54.372,4.212,58.583,
Scheffe fit to all 24,high (fitted 11.83),Four-role policy (deployed),3,3,18,54.372,4.212,58.583,10.584
Scheffe fit to all 24,high (fitted 11.83),Random (feasible),4,0,6,58.496,0.087,58.583,
Scheffe fit to all 24,high (fitted 11.83),Random (feasible),4,1,10,58.496,0.087,58.583,
Scheffe fit to all 24,high (fitted 11.83),Random (feasible),4,2,14,58.496,0.087,58.583,
Scheffe fit to all 24,high (fitted 11.83),Random (feasible),4,3,18,58.496,0.087,58.583,5.521
Scheffe fit to all 24,high (fitted 11.83),GP greedy (exploit only),4,0,6,58.496,0.087,58.583,
Scheffe fit to all 24,high (fitted 11.83),GP greedy (exploit only),4,1,10,58.496,0.087,58.583,
Scheffe fit to all 24,high (fitted 11.83),GP greedy (exploit only),4,2,14,58.496,0.087,58.583,
Scheffe fit to all 24,high (fitted 11.83),GP greedy (exploit only),4,3,18,58.496,0.087,58.583,3.409
Scheffe fit to all 24,high (fitted 11.83),"GP-UCB, kappa 2 (batch)",4,0,6,58.496,0.087,58.583,
Scheffe fit to all 24,high (fitted 11.83),"GP-UCB, kappa 2 (batch)",4,1,10,58.496,0.087,58.583,
Scheffe fit to all 24,high (fitted 11.83),"GP-UCB, kappa 2 (batch)",4,2,14,58.496,0.087,58.583,
Scheffe fit to all 24,high (fitted 11.83),"GP-UCB, kappa 2 (batch)",4,3,18,58.496,0.087,58.583,3.837
Scheffe fit to all 24,high (fitted 11.83),GP-EI (batch),4,0,6,58.496,0.087,58.583,
Scheffe fit to all 24,high (fitted 11.83),GP-EI (batch),4,1,10,58.496,0.087,58.583,
Scheffe fit to all 24,high (fitted 11.83),GP-EI (batch),4,2,14,58.496,0.087,58.583,
Scheffe fit to all 24,high (fitted 11.83),GP-EI (batch),4,3,18,58.496,0.087,58.583,3.92
Scheffe fit to all 24,high (fitted 11.83),Four-role policy (deployed),4,0,6,58.496,0.087,58.583,
Scheffe fit to all 24,high (fitted 11.83),Four-role policy (deployed),4,1,10,58.496,0.087,58.583,
Scheffe fit to all 24,high (fitted 11.83),Four-role policy (deployed),4,2,14,58.496,0.087,58.583,
Scheffe fit to all 24,high (fitted 11.83),Four-role policy (deployed),4,3,18,58.496,0.087,58.583,3.409
Scheffe fit to all 24,high (fitted 11.83),Random (feasible),5,0,6,57.034,1.55,58.583,
Scheffe fit to all 24,high (fitted 11.83),Random (feasible),5,1,10,57.034,1.55,58.583,
Scheffe fit to all 24,high (fitted 11.83),Random (feasible),5,2,14,57.034,1.55,58.583,
Scheffe fit to all 24,high (fitted 11.83),Random (feasible),5,3,18,57.034,1.55,58.583,7.915
Scheffe fit to all 24,high (fitted 11.83),GP greedy (exploit only),5,0,6,57.034,1.55,58.583,
Scheffe fit to all 24,high (fitted 11.83),GP greedy (exploit only),5,1,10,57.034,1.55,58.583,
Scheffe fit to all 24,high (fitted 11.83),GP greedy (exploit only),5,2,14,57.034,1.55,58.583,
Scheffe fit to all 24,high (fitted 11.83),GP greedy (exploit only),5,3,18,58.091,0.493,58.583,7.915
Scheffe fit to all 24,high (fitted 11.83),"GP-UCB, kappa 2 (batch)",5,0,6,57.034,1.55,58.583,
Scheffe fit to all 24,high (fitted 11.83),"GP-UCB, kappa 2 (batch)",5,1,10,57.034,1.55,58.583,
Scheffe fit to all 24,high (fitted 11.83),"GP-UCB, kappa 2 (batch)",5,2,14,57.704,0.88,58.583,
Scheffe fit to all 24,high (fitted 11.83),"GP-UCB, kappa 2 (batch)",5,3,18,57.704,0.88,58.583,7.915
Scheffe fit to all 24,high (fitted 11.83),GP-EI (batch),5,0,6,57.034,1.55,58.583,
Scheffe fit to all 24,high (fitted 11.83),GP-EI (batch),5,1,10,57.034,1.55,58.583,
Scheffe fit to all 24,high (fitted 11.83),GP-EI (batch),5,2,14,57.034,1.55,58.583,
Scheffe fit to all 24,high (fitted 11.83),GP-EI (batch),5,3,18,58.091,0.493,58.583,7.915
Scheffe fit to all 24,high (fitted 11.83),Four-role policy (deployed),5,0,6,57.034,1.55,58.583,
Scheffe fit to all 24,high (fitted 11.83),Four-role policy (deployed),5,1,10,57.034,1.55,58.583,
Scheffe fit to all 24,high (fitted 11.83),Four-role policy (deployed),5,2,14,57.704,0.88,58.583,
Scheffe fit to all 24,high (fitted 11.83),Four-role policy (deployed),5,3,18,57.704,0.88,58.583,7.915
Scheffe fit to all 24,high (fitted 11.83),Random (feasible),6,0,6,57.779,0.804,58.583,
Scheffe fit to all 24,high (fitted 11.83),Random (feasible),6,1,10,57.779,0.804,58.583,
Scheffe fit to all 24,high (fitted 11.83),Random (feasible),6,2,14,58.368,0.215,58.583,
Scheffe fit to all 24,high (fitted 11.83),Random (feasible),6,3,18,58.368,0.215,58.583,13.242
Scheffe fit to all 24,high (fitted 11.83),GP greedy (exploit only),6,0,6,57.779,0.804,58.583,
Scheffe fit to all 24,high (fitted 11.83),GP greedy (exploit only),6,1,10,57.779,0.804,58.583,
Scheffe fit to all 24,high (fitted 11.83),GP greedy (exploit only),6,2,14,57.779,0.804,58.583,
Scheffe fit to all 24,high (fitted 11.83),GP greedy (exploit only),6,3,18,57.892,0.691,58.583,14.716
Scheffe fit to all 24,high (fitted 11.83),"GP-UCB, kappa 2 (batch)",6,0,6,57.779,0.804,58.583,
Scheffe fit to all 24,high (fitted 11.83),"GP-UCB, kappa 2 (batch)",6,1,10,57.779,0.804,58.583,
Scheffe fit to all 24,high (fitted 11.83),"GP-UCB, kappa 2 (batch)",6,2,14,57.779,0.804,58.583,
Scheffe fit to all 24,high (fitted 11.83),"GP-UCB, kappa 2 (batch)",6,3,18,57.992,0.592,58.583,14.716
Scheffe fit to all 24,high (fitted 11.83),GP-EI (batch),6,0,6,57.779,0.804,58.583,
Scheffe fit to all 24,high (fitted 11.83),GP-EI (batch),6,1,10,57.779,0.804,58.583,
Scheffe fit to all 24,high (fitted 11.83),GP-EI (batch),6,2,14,57.779,0.804,58.583,
Scheffe fit to all 24,high (fitted 11.83),GP-EI (batch),6,3,18,57.892,0.691,58.583,14.716
Scheffe fit to all 24,high (fitted 11.83),Four-role policy (deployed),6,0,6,57.779,0.804,58.583,
Scheffe fit to all 24,high (fitted 11.83),Four-role policy (deployed),6,1,10,57.779,0.804,58.583,
Scheffe fit to all 24,high (fitted 11.83),Four-role policy (deployed),6,2,14,57.779,0.804,58.583,
Scheffe fit to all 24,high (fitted 11.83),Four-role policy (deployed),6,3,18,57.779,0.804,58.583,14.716
Scheffe fit to all 24,high (fitted 11.83),Random (feasible),7,0,6,56.5,2.083,58.583,
Scheffe fit to all 24,high (fitted 11.83),Random (feasible),7,1,10,56.5,2.083,58.583,
Scheffe fit to all 24,high (fitted 11.83),Random (feasible),7,2,14,57.381,1.202,58.583,
Scheffe fit to all 24,high (fitted 11.83),Random (feasible),7,3,18,57.381,1.202,58.583,11.483
Scheffe fit to all 24,high (fitted 11.83),GP greedy (exploit only),7,0,6,56.5,2.083,58.583,
Scheffe fit to all 24,high (fitted 11.83),GP greedy (exploit only),7,1,10,56.748,1.836,58.583,
Scheffe fit to all 24,high (fitted 11.83),GP greedy (exploit only),7,2,14,56.748,1.836,58.583,
Scheffe fit to all 24,high (fitted 11.83),GP greedy (exploit only),7,3,18,57.54,1.044,58.583,1.044
Scheffe fit to all 24,high (fitted 11.83),"GP-UCB, kappa 2 (batch)",7,0,6,56.5,2.083,58.583,
Scheffe fit to all 24,high (fitted 11.83),"GP-UCB, kappa 2 (batch)",7,1,10,56.748,1.836,58.583,
Scheffe fit to all 24,high (fitted 11.83),"GP-UCB, kappa 2 (batch)",7,2,14,56.748,1.836,58.583,
Scheffe fit to all 24,high (fitted 11.83),"GP-UCB, kappa 2 (batch)",7,3,18,56.748,1.836,58.583,9.966
Scheffe fit to all 24,high (fitted 11.83),GP-EI (batch),7,0,6,56.5,2.083,58.583,
Scheffe fit to all 24,high (fitted 11.83),GP-EI (batch),7,1,10,56.748,1.836,58.583,
Scheffe fit to all 24,high (fitted 11.83),GP-EI (batch),7,2,14,56.748,1.836,58.583,
Scheffe fit to all 24,high (fitted 11.83),GP-EI (batch),7,3,18,56.748,1.836,58.583,2.941
Scheffe fit to all 24,high (fitted 11.83),Four-role policy (deployed),7,0,6,56.5,2.083,58.583,
Scheffe fit to all 24,high (fitted 11.83),Four-role policy (deployed),7,1,10,56.748,1.836,58.583,
Scheffe fit to all 24,high (fitted 11.83),Four-role policy (deployed),7,2,14,56.748,1.836,58.583,
Scheffe fit to all 24,high (fitted 11.83),Four-role policy (deployed),7,3,18,58.568,0.015,58.583,0.015
Scheffe fit to all 24,high (fitted 11.83),Random (feasible),8,0,6,54.545,4.039,58.583,
Scheffe fit to all 24,high (fitted 11.83),Random (feasible),8,1,10,54.545,4.039,58.583,
Scheffe fit to all 24,high (fitted 11.83),Random (feasible),8,2,14,54.545,4.039,58.583,
Scheffe fit to all 24,high (fitted 11.83),Random (feasible),8,3,18,55.643,2.941,58.583,10.196
Scheffe fit to all 24,high (fitted 11.83),GP greedy (exploit only),8,0,6,54.545,4.039,58.583,
Scheffe fit to all 24,high (fitted 11.83),GP greedy (exploit only),8,1,10,55.957,2.626,58.583,
Scheffe fit to all 24,high (fitted 11.83),GP greedy (exploit only),8,2,14,55.977,2.607,58.583,
Scheffe fit to all 24,high (fitted 11.83),GP greedy (exploit only),8,3,18,56.168,2.416,58.583,3.383
Scheffe fit to all 24,high (fitted 11.83),"GP-UCB, kappa 2 (batch)",8,0,6,54.545,4.039,58.583,
Scheffe fit to all 24,high (fitted 11.83),"GP-UCB, kappa 2 (batch)",8,1,10,57.301,1.282,58.583,
Scheffe fit to all 24,high (fitted 11.83),"GP-UCB, kappa 2 (batch)",8,2,14,57.301,1.282,58.583,
Scheffe fit to all 24,high (fitted 11.83),"GP-UCB, kappa 2 (batch)",8,3,18,57.301,1.282,58.583,3.524
Scheffe fit to all 24,high (fitted 11.83),GP-EI (batch),8,0,6,54.545,4.039,58.583,
Scheffe fit to all 24,high (fitted 11.83),GP-EI (batch),8,1,10,57.301,1.282,58.583,
Scheffe fit to all 24,high (fitted 11.83),GP-EI (batch),8,2,14,57.301,1.282,58.583,
Scheffe fit to all 24,high (fitted 11.83),GP-EI (batch),8,3,18,58.569,0.014,58.583,4.59
Scheffe fit to all 24,high (fitted 11.83),Four-role policy (deployed),8,0,6,54.545,4.039,58.583,
Scheffe fit to all 24,high (fitted 11.83),Four-role policy (deployed),8,1,10,57.04,1.543,58.583,
Scheffe fit to all 24,high (fitted 11.83),Four-role policy (deployed),8,2,14,57.04,1.543,58.583,
Scheffe fit to all 24,high (fitted 11.83),Four-role policy (deployed),8,3,18,57.119,1.464,58.583,3.383
Scheffe fit to all 24,high (fitted 11.83),Random (feasible),9,0,6,53.066,5.517,58.583,
Scheffe fit to all 24,high (fitted 11.83),Random (feasible),9,1,10,56.666,1.918,58.583,
Scheffe fit to all 24,high (fitted 11.83),Random (feasible),9,2,14,57.561,1.023,58.583,
Scheffe fit to all 24,high (fitted 11.83),Random (feasible),9,3,18,57.561,1.023,58.583,12.076
Scheffe fit to all 24,high (fitted 11.83),GP greedy (exploit only),9,0,6,53.066,5.517,58.583,
Scheffe fit to all 24,high (fitted 11.83),GP greedy (exploit only),9,1,10,53.066,5.517,58.583,
Scheffe fit to all 24,high (fitted 11.83),GP greedy (exploit only),9,2,14,53.066,5.517,58.583,
Scheffe fit to all 24,high (fitted 11.83),GP greedy (exploit only),9,3,18,53.52,5.063,58.583,12.076
Scheffe fit to all 24,high (fitted 11.83),"GP-UCB, kappa 2 (batch)",9,0,6,53.066,5.517,58.583,
Scheffe fit to all 24,high (fitted 11.83),"GP-UCB, kappa 2 (batch)",9,1,10,53.066,5.517,58.583,
Scheffe fit to all 24,high (fitted 11.83),"GP-UCB, kappa 2 (batch)",9,2,14,53.066,5.517,58.583,
Scheffe fit to all 24,high (fitted 11.83),"GP-UCB, kappa 2 (batch)",9,3,18,53.066,5.517,58.583,12.076
Scheffe fit to all 24,high (fitted 11.83),GP-EI (batch),9,0,6,53.066,5.517,58.583,
Scheffe fit to all 24,high (fitted 11.83),GP-EI (batch),9,1,10,53.066,5.517,58.583,
Scheffe fit to all 24,high (fitted 11.83),GP-EI (batch),9,2,14,53.066,5.517,58.583,
Scheffe fit to all 24,high (fitted 11.83),GP-EI (batch),9,3,18,53.066,5.517,58.583,12.076
Scheffe fit to all 24,high (fitted 11.83),Four-role policy (deployed),9,0,6,53.066,5.517,58.583,
Scheffe fit to all 24,high (fitted 11.83),Four-role policy (deployed),9,1,10,53.066,5.517,58.583,
Scheffe fit to all 24,high (fitted 11.83),Four-role policy (deployed),9,2,14,55.283,3.301,58.583,
Scheffe fit to all 24,high (fitted 11.83),Four-role policy (deployed),9,3,18,55.283,3.301,58.583,12.076
Scheffe fit to all 24,high (fitted 11.83),Random (feasible),10,0,6,55.484,3.099,58.583,
Scheffe fit to all 24,high (fitted 11.83),Random (feasible),10,1,10,55.484,3.099,58.583,
Scheffe fit to all 24,high (fitted 11.83),Random (feasible),10,2,14,55.484,3.099,58.583,
Scheffe fit to all 24,high (fitted 11.83),Random (feasible),10,3,18,55.509,3.075,58.583,6.393
Scheffe fit to all 24,high (fitted 11.83),GP greedy (exploit only),10,0,6,55.484,3.099,58.583,
Scheffe fit to all 24,high (fitted 11.83),GP greedy (exploit only),10,1,10,55.484,3.099,58.583,
Scheffe fit to all 24,high (fitted 11.83),GP greedy (exploit only),10,2,14,55.484,3.099,58.583,
Scheffe fit to all 24,high (fitted 11.83),GP greedy (exploit only),10,3,18,55.484,3.099,58.583,6.393
Scheffe fit to all 24,high (fitted 11.83),"GP-UCB, kappa 2 (batch)",10,0,6,55.484,3.099,58.583,
Scheffe fit to all 24,high (fitted 11.83),"GP-UCB, kappa 2 (batch)",10,1,10,55.484,3.099,58.583,
Scheffe fit to all 24,high (fitted 11.83),"GP-UCB, kappa 2 (batch)",10,2,14,55.484,3.099,58.583,
Scheffe fit to all 24,high (fitted 11.83),"GP-UCB, kappa 2 (batch)",10,3,18,55.484,3.099,58.583,6.393
Scheffe fit to all 24,high (fitted 11.83),GP-EI (batch),10,0,6,55.484,3.099,58.583,
Scheffe fit to all 24,high (fitted 11.83),GP-EI (batch),10,1,10,55.484,3.099,58.583,
Scheffe fit to all 24,high (fitted 11.83),GP-EI (batch),10,2,14,55.484,3.099,58.583,
Scheffe fit to all 24,high (fitted 11.83),GP-EI (batch),10,3,18,55.484,3.099,58.583,6.393
Scheffe fit to all 24,high (fitted 11.83),Four-role policy (deployed),10,0,6,55.484,3.099,58.583,
Scheffe fit to all 24,high (fitted 11.83),Four-role policy (deployed),10,1,10,55.484,3.099,58.583,
Scheffe fit to all 24,high (fitted 11.83),Four-role policy (deployed),10,2,14,55.484,3.099,58.583,
Scheffe fit to all 24,high (fitted 11.83),Four-role policy (deployed),10,3,18,55.484,3.099,58.583,6.393
Scheffe fit to all 24,high (fitted 11.83),Random (feasible),11,0,6,54.227,4.356,58.583,
Scheffe fit to all 24,high (fitted 11.83),Random (feasible),11,1,10,57.702,0.882,58.583,
Scheffe fit to all 24,high (fitted 11.83),Random (feasible),11,2,14,57.702,0.882,58.583,
Scheffe fit to all 24,high (fitted 11.83),Random (feasible),11,3,18,57.702,0.882,58.583,0.882
Scheffe fit to all 24,high (fitted 11.83),GP greedy (exploit only),11,0,6,54.227,4.356,58.583,
Scheffe fit to all 24,high (fitted 11.83),GP greedy (exploit only),11,1,10,54.227,4.356,58.583,
Scheffe fit to all 24,high (fitted 11.83),GP greedy (exploit only),11,2,14,54.227,4.356,58.583,
Scheffe fit to all 24,high (fitted 11.83),GP greedy (exploit only),11,3,18,54.227,4.356,58.583,12.239
Scheffe fit to all 24,high (fitted 11.83),"GP-UCB, kappa 2 (batch)",11,0,6,54.227,4.356,58.583,
Scheffe fit to all 24,high (fitted 11.83),"GP-UCB, kappa 2 (batch)",11,1,10,54.227,4.356,58.583,
Scheffe fit to all 24,high (fitted 11.83),"GP-UCB, kappa 2 (batch)",11,2,14,57.755,0.828,58.583,
Scheffe fit to all 24,high (fitted 11.83),"GP-UCB, kappa 2 (batch)",11,3,18,57.755,0.828,58.583,11.815
Scheffe fit to all 24,high (fitted 11.83),GP-EI (batch),11,0,6,54.227,4.356,58.583,
Scheffe fit to all 24,high (fitted 11.83),GP-EI (batch),11,1,10,54.227,4.356,58.583,
Scheffe fit to all 24,high (fitted 11.83),GP-EI (batch),11,2,14,54.227,4.356,58.583,
Scheffe fit to all 24,high (fitted 11.83),GP-EI (batch),11,3,18,54.293,4.29,58.583,5.202
Scheffe fit to all 24,high (fitted 11.83),Four-role policy (deployed),11,0,6,54.227,4.356,58.583,
Scheffe fit to all 24,high (fitted 11.83),Four-role policy (deployed),11,1,10,54.227,4.356,58.583,
Scheffe fit to all 24,high (fitted 11.83),Four-role policy (deployed),11,2,14,54.528,4.056,58.583,
Scheffe fit to all 24,high (fitted 11.83),Four-role policy (deployed),11,3,18,56.88,1.703,58.583,4.056
Scheffe fit to all 24,high (fitted 11.83),Random (feasible),12,0,6,54.08,4.503,58.583,
Scheffe fit to all 24,high (fitted 11.83),Random (feasible),12,1,10,54.08,4.503,58.583,
Scheffe fit to all 24,high (fitted 11.83),Random (feasible),12,2,14,54.08,4.503,58.583,
Scheffe fit to all 24,high (fitted 11.83),Random (feasible),12,3,18,56.184,2.399,58.583,6.092
Scheffe fit to all 24,high (fitted 11.83),GP greedy (exploit only),12,0,6,54.08,4.503,58.583,
Scheffe fit to all 24,high (fitted 11.83),GP greedy (exploit only),12,1,10,54.08,4.503,58.583,
Scheffe fit to all 24,high (fitted 11.83),GP greedy (exploit only),12,2,14,54.08,4.503,58.583,
Scheffe fit to all 24,high (fitted 11.83),GP greedy (exploit only),12,3,18,54.08,4.503,58.583,6.092
Scheffe fit to all 24,high (fitted 11.83),"GP-UCB, kappa 2 (batch)",12,0,6,54.08,4.503,58.583,
Scheffe fit to all 24,high (fitted 11.83),"GP-UCB, kappa 2 (batch)",12,1,10,54.08,4.503,58.583,
Scheffe fit to all 24,high (fitted 11.83),"GP-UCB, kappa 2 (batch)",12,2,14,58.569,0.014,58.583,
Scheffe fit to all 24,high (fitted 11.83),"GP-UCB, kappa 2 (batch)",12,3,18,58.569,0.014,58.583,1.437
Scheffe fit to all 24,high (fitted 11.83),GP-EI (batch),12,0,6,54.08,4.503,58.583,
Scheffe fit to all 24,high (fitted 11.83),GP-EI (batch),12,1,10,54.08,4.503,58.583,
Scheffe fit to all 24,high (fitted 11.83),GP-EI (batch),12,2,14,54.08,4.503,58.583,
Scheffe fit to all 24,high (fitted 11.83),GP-EI (batch),12,3,18,54.08,4.503,58.583,4.841
Scheffe fit to all 24,high (fitted 11.83),Four-role policy (deployed),12,0,6,54.08,4.503,58.583,
Scheffe fit to all 24,high (fitted 11.83),Four-role policy (deployed),12,1,10,54.08,4.503,58.583,
Scheffe fit to all 24,high (fitted 11.83),Four-role policy (deployed),12,2,14,56.88,1.703,58.583,
Scheffe fit to all 24,high (fitted 11.83),Four-role policy (deployed),12,3,18,57.54,1.044,58.583,1.044
Scheffe fit to all 24,high (fitted 11.83),Random (feasible),13,0,6,54.02,4.563,58.583,
Scheffe fit to all 24,high (fitted 11.83),Random (feasible),13,1,10,54.528,4.056,58.583,
Scheffe fit to all 24,high (fitted 11.83),Random (feasible),13,2,14,57.945,0.638,58.583,
Scheffe fit to all 24,high (fitted 11.83),Random (feasible),13,3,18,57.945,0.638,58.583,0.638
Scheffe fit to all 24,high (fitted 11.83),GP greedy (exploit only),13,0,6,54.02,4.563,58.583,
Scheffe fit to all 24,high (fitted 11.83),GP greedy (exploit only),13,1,10,54.02,4.563,58.583,
Scheffe fit to all 24,high (fitted 11.83),GP greedy (exploit only),13,2,14,54.02,4.563,58.583,
Scheffe fit to all 24,high (fitted 11.83),GP greedy (exploit only),13,3,18,54.02,4.563,58.583,15.812
Scheffe fit to all 24,high (fitted 11.83),"GP-UCB, kappa 2 (batch)",13,0,6,54.02,4.563,58.583,
Scheffe fit to all 24,high (fitted 11.83),"GP-UCB, kappa 2 (batch)",13,1,10,54.02,4.563,58.583,
Scheffe fit to all 24,high (fitted 11.83),"GP-UCB, kappa 2 (batch)",13,2,14,54.02,4.563,58.583,
Scheffe fit to all 24,high (fitted 11.83),"GP-UCB, kappa 2 (batch)",13,3,18,58.569,0.014,58.583,0.014
Scheffe fit to all 24,high (fitted 11.83),GP-EI (batch),13,0,6,54.02,4.563,58.583,
Scheffe fit to all 24,high (fitted 11.83),GP-EI (batch),13,1,10,54.02,4.563,58.583,
Scheffe fit to all 24,high (fitted 11.83),GP-EI (batch),13,2,14,54.02,4.563,58.583,
Scheffe fit to all 24,high (fitted 11.83),GP-EI (batch),13,3,18,54.02,4.563,58.583,9.55
Scheffe fit to all 24,high (fitted 11.83),Four-role policy (deployed),13,0,6,54.02,4.563,58.583,
Scheffe fit to all 24,high (fitted 11.83),Four-role policy (deployed),13,1,10,54.02,4.563,58.583,
Scheffe fit to all 24,high (fitted 11.83),Four-role policy (deployed),13,2,14,54.02,4.563,58.583,
Scheffe fit to all 24,high (fitted 11.83),Four-role policy (deployed),13,3,18,54.02,4.563,58.583,14.719
Scheffe fit to all 24,high (fitted 11.83),Random (feasible),14,0,6,56.344,2.24,58.583,
Scheffe fit to all 24,high (fitted 11.83),Random (feasible),14,1,10,56.344,2.24,58.583,
Scheffe fit to all 24,high (fitted 11.83),Random (feasible),14,2,14,56.757,1.826,58.583,
Scheffe fit to all 24,high (fitted 11.83),Random (feasible),14,3,18,56.757,1.826,58.583,2.24
Scheffe fit to all 24,high (fitted 11.83),GP greedy (exploit only),14,0,6,56.344,2.24,58.583,
Scheffe fit to all 24,high (fitted 11.83),GP greedy (exploit only),14,1,10,57.112,1.471,58.583,
Scheffe fit to all 24,high (fitted 11.83),GP greedy (exploit only),14,2,14,57.112,1.471,58.583,
Scheffe fit to all 24,high (fitted 11.83),GP greedy (exploit only),14,3,18,57.677,0.907,58.583,1.622
Scheffe fit to all 24,high (fitted 11.83),"GP-UCB, kappa 2 (batch)",14,0,6,56.344,2.24,58.583,
Scheffe fit to all 24,high (fitted 11.83),"GP-UCB, kappa 2 (batch)",14,1,10,57.203,1.381,58.583,
Scheffe fit to all 24,high (fitted 11.83),"GP-UCB, kappa 2 (batch)",14,2,14,57.203,1.381,58.583,
Scheffe fit to all 24,high (fitted 11.83),"GP-UCB, kappa 2 (batch)",14,3,18,57.63,0.954,58.583,2.427
Scheffe fit to all 24,high (fitted 11.83),GP-EI (batch),14,0,6,56.344,2.24,58.583,
Scheffe fit to all 24,high (fitted 11.83),GP-EI (batch),14,1,10,57.203,1.381,58.583,
Scheffe fit to all 24,high (fitted 11.83),GP-EI (batch),14,2,14,57.203,1.381,58.583,
Scheffe fit to all 24,high (fitted 11.83),GP-EI (batch),14,3,18,57.63,0.954,58.583,2.427
Scheffe fit to all 24,high (fitted 11.83),Four-role policy (deployed),14,0,6,56.344,2.24,58.583,
Scheffe fit to all 24,high (fitted 11.83),Four-role policy (deployed),14,1,10,56.344,2.24,58.583,
Scheffe fit to all 24,high (fitted 11.83),Four-role policy (deployed),14,2,14,56.344,2.24,58.583,
Scheffe fit to all 24,high (fitted 11.83),Four-role policy (deployed),14,3,18,56.738,1.846,58.583,3.94
Scheffe fit to all 24,high (fitted 11.83),Random (feasible),15,0,6,56.635,1.948,58.583,
Scheffe fit to all 24,high (fitted 11.83),Random (feasible),15,1,10,56.635,1.948,58.583,
Scheffe fit to all 24,high (fitted 11.83),Random (feasible),15,2,14,56.635,1.948,58.583,
Scheffe fit to all 24,high (fitted 11.83),Random (feasible),15,3,18,56.635,1.948,58.583,8.268
Scheffe fit to all 24,high (fitted 11.83),GP greedy (exploit only),15,0,6,56.635,1.948,58.583,
Scheffe fit to all 24,high (fitted 11.83),GP greedy (exploit only),15,1,10,58.569,0.014,58.583,
Scheffe fit to all 24,high (fitted 11.83),GP greedy (exploit only),15,2,14,58.569,0.014,58.583,
Scheffe fit to all 24,high (fitted 11.83),GP greedy (exploit only),15,3,18,58.569,0.014,58.583,0.828
Scheffe fit to all 24,high (fitted 11.83),"GP-UCB, kappa 2 (batch)",15,0,6,56.635,1.948,58.583,
Scheffe fit to all 24,high (fitted 11.83),"GP-UCB, kappa 2 (batch)",15,1,10,56.635,1.948,58.583,
Scheffe fit to all 24,high (fitted 11.83),"GP-UCB, kappa 2 (batch)",15,2,14,58.569,0.014,58.583,
Scheffe fit to all 24,high (fitted 11.83),"GP-UCB, kappa 2 (batch)",15,3,18,58.569,0.014,58.583,5.508
Scheffe fit to all 24,high (fitted 11.83),GP-EI (batch),15,0,6,56.635,1.948,58.583,
Scheffe fit to all 24,high (fitted 11.83),GP-EI (batch),15,1,10,58.569,0.014,58.583,
Scheffe fit to all 24,high (fitted 11.83),GP-EI (batch),15,2,14,58.569,0.014,58.583,
Scheffe fit to all 24,high (fitted 11.83),GP-EI (batch),15,3,18,58.569,0.014,58.583,6.066
Scheffe fit to all 24,high (fitted 11.83),Four-role policy (deployed),15,0,6,56.635,1.948,58.583,
Scheffe fit to all 24,high (fitted 11.83),Four-role policy (deployed),15,1,10,58.569,0.014,58.583,
Scheffe fit to all 24,high (fitted 11.83),Four-role policy (deployed),15,2,14,58.569,0.014,58.583,
Scheffe fit to all 24,high (fitted 11.83),Four-role policy (deployed),15,3,18,58.569,0.014,58.583,3.368
Scheffe fit to all 24,high (fitted 11.83),Random (feasible),16,0,6,54.749,3.835,58.583,
Scheffe fit to all 24,high (fitted 11.83),Random (feasible),16,1,10,54.749,3.835,58.583,
Scheffe fit to all 24,high (fitted 11.83),Random (feasible),16,2,14,54.749,3.835,58.583,
Scheffe fit to all 24,high (fitted 11.83),Random (feasible),16,3,18,57.786,0.797,58.583,0.797
Scheffe fit to all 24,high (fitted 11.83),GP greedy (exploit only),16,0,6,54.749,3.835,58.583,
Scheffe fit to all 24,high (fitted 11.83),GP greedy (exploit only),16,1,10,55.714,2.869,58.583,
Scheffe fit to all 24,high (fitted 11.83),GP greedy (exploit only),16,2,14,57.602,0.982,58.583,
Scheffe fit to all 24,high (fitted 11.83),GP greedy (exploit only),16,3,18,57.602,0.982,58.583,3.835
Scheffe fit to all 24,high (fitted 11.83),"GP-UCB, kappa 2 (batch)",16,0,6,54.749,3.835,58.583,
Scheffe fit to all 24,high (fitted 11.83),"GP-UCB, kappa 2 (batch)",16,1,10,58.569,0.014,58.583,
Scheffe fit to all 24,high (fitted 11.83),"GP-UCB, kappa 2 (batch)",16,2,14,58.569,0.014,58.583,
Scheffe fit to all 24,high (fitted 11.83),"GP-UCB, kappa 2 (batch)",16,3,18,58.569,0.014,58.583,3.835
Scheffe fit to all 24,high (fitted 11.83),GP-EI (batch),16,0,6,54.749,3.835,58.583,
Scheffe fit to all 24,high (fitted 11.83),GP-EI (batch),16,1,10,56.366,2.218,58.583,
Scheffe fit to all 24,high (fitted 11.83),GP-EI (batch),16,2,14,57.041,1.543,58.583,
Scheffe fit to all 24,high (fitted 11.83),GP-EI (batch),16,3,18,57.041,1.543,58.583,3.835
Scheffe fit to all 24,high (fitted 11.83),Four-role policy (deployed),16,0,6,54.749,3.835,58.583,
Scheffe fit to all 24,high (fitted 11.83),Four-role policy (deployed),16,1,10,55.709,2.874,58.583,
Scheffe fit to all 24,high (fitted 11.83),Four-role policy (deployed),16,2,14,58.248,0.336,58.583,
Scheffe fit to all 24,high (fitted 11.83),Four-role policy (deployed),16,3,18,58.248,0.336,58.583,3.835
Scheffe fit to all 24,high (fitted 11.83),Random (feasible),17,0,6,54.97,3.613,58.583,
Scheffe fit to all 24,high (fitted 11.83),Random (feasible),17,1,10,55.681,2.903,58.583,
Scheffe fit to all 24,high (fitted 11.83),Random (feasible),17,2,14,55.681,2.903,58.583,
Scheffe fit to all 24,high (fitted 11.83),Random (feasible),17,3,18,56.309,2.274,58.583,3.633
Scheffe fit to all 24,high (fitted 11.83),GP greedy (exploit only),17,0,6,54.97,3.613,58.583,
Scheffe fit to all 24,high (fitted 11.83),GP greedy (exploit only),17,1,10,54.97,3.613,58.583,
Scheffe fit to all 24,high (fitted 11.83),GP greedy (exploit only),17,2,14,54.97,3.613,58.583,
Scheffe fit to all 24,high (fitted 11.83),GP greedy (exploit only),17,3,18,54.97,3.613,58.583,8.794
Scheffe fit to all 24,high (fitted 11.83),"GP-UCB, kappa 2 (batch)",17,0,6,54.97,3.613,58.583,
Scheffe fit to all 24,high (fitted 11.83),"GP-UCB, kappa 2 (batch)",17,1,10,54.97,3.613,58.583,
Scheffe fit to all 24,high (fitted 11.83),"GP-UCB, kappa 2 (batch)",17,2,14,54.97,3.613,58.583,
Scheffe fit to all 24,high (fitted 11.83),"GP-UCB, kappa 2 (batch)",17,3,18,56.119,2.464,58.583,8.335
Scheffe fit to all 24,high (fitted 11.83),GP-EI (batch),17,0,6,54.97,3.613,58.583,
Scheffe fit to all 24,high (fitted 11.83),GP-EI (batch),17,1,10,54.97,3.613,58.583,
Scheffe fit to all 24,high (fitted 11.83),GP-EI (batch),17,2,14,58.569,0.014,58.583,
Scheffe fit to all 24,high (fitted 11.83),GP-EI (batch),17,3,18,58.569,0.014,58.583,8.525
Scheffe fit to all 24,high (fitted 11.83),Four-role policy (deployed),17,0,6,54.97,3.613,58.583,
Scheffe fit to all 24,high (fitted 11.83),Four-role policy (deployed),17,1,10,54.97,3.613,58.583,
Scheffe fit to all 24,high (fitted 11.83),Four-role policy (deployed),17,2,14,56.415,2.168,58.583,
Scheffe fit to all 24,high (fitted 11.83),Four-role policy (deployed),17,3,18,56.415,2.168,58.583,10.612
Scheffe fit to all 24,high (fitted 11.83),Random (feasible),18,0,6,56.313,2.27,58.583,
Scheffe fit to all 24,high (fitted 11.83),Random (feasible),18,1,10,56.313,2.27,58.583,
Scheffe fit to all 24,high (fitted 11.83),Random (feasible),18,2,14,56.313,2.27,58.583,
Scheffe fit to all 24,high (fitted 11.83),Random (feasible),18,3,18,56.313,2.27,58.583,11.092
Scheffe fit to all 24,high (fitted 11.83),GP greedy (exploit only),18,0,6,56.313,2.27,58.583,
Scheffe fit to all 24,high (fitted 11.83),GP greedy (exploit only),18,1,10,56.313,2.27,58.583,
Scheffe fit to all 24,high (fitted 11.83),GP greedy (exploit only),18,2,14,56.604,1.98,58.583,
Scheffe fit to all 24,high (fitted 11.83),GP greedy (exploit only),18,3,18,57.185,1.399,58.583,4.221
Scheffe fit to all 24,high (fitted 11.83),"GP-UCB, kappa 2 (batch)",18,0,6,56.313,2.27,58.583,
Scheffe fit to all 24,high (fitted 11.83),"GP-UCB, kappa 2 (batch)",18,1,10,58.569,0.014,58.583,
Scheffe fit to all 24,high (fitted 11.83),"GP-UCB, kappa 2 (batch)",18,2,14,58.569,0.014,58.583,
Scheffe fit to all 24,high (fitted 11.83),"GP-UCB, kappa 2 (batch)",18,3,18,58.569,0.014,58.583,2.039
Scheffe fit to all 24,high (fitted 11.83),GP-EI (batch),18,0,6,56.313,2.27,58.583,
Scheffe fit to all 24,high (fitted 11.83),GP-EI (batch),18,1,10,56.313,2.27,58.583,
Scheffe fit to all 24,high (fitted 11.83),GP-EI (batch),18,2,14,57.263,1.32,58.583,
Scheffe fit to all 24,high (fitted 11.83),GP-EI (batch),18,3,18,57.755,0.828,58.583,0.846
Scheffe fit to all 24,high (fitted 11.83),Four-role policy (deployed),18,0,6,56.313,2.27,58.583,
Scheffe fit to all 24,high (fitted 11.83),Four-role policy (deployed),18,1,10,56.313,2.27,58.583,
Scheffe fit to all 24,high (fitted 11.83),Four-role policy (deployed),18,2,14,56.313,2.27,58.583,
Scheffe fit to all 24,high (fitted 11.83),Four-role policy (deployed),18,3,18,56.313,2.27,58.583,4.678
Scheffe fit to all 24,high (fitted 11.83),Random (feasible),19,0,6,54.585,3.998,58.583,
Scheffe fit to all 24,high (fitted 11.83),Random (feasible),19,1,10,55.446,3.138,58.583,
Scheffe fit to all 24,high (fitted 11.83),Random (feasible),19,2,14,58.062,0.522,58.583,
Scheffe fit to all 24,high (fitted 11.83),Random (feasible),19,3,18,58.062,0.522,58.583,4.784
Scheffe fit to all 24,high (fitted 11.83),GP greedy (exploit only),19,0,6,54.585,3.998,58.583,
Scheffe fit to all 24,high (fitted 11.83),GP greedy (exploit only),19,1,10,54.585,3.998,58.583,
Scheffe fit to all 24,high (fitted 11.83),GP greedy (exploit only),19,2,14,54.627,3.956,58.583,
Scheffe fit to all 24,high (fitted 11.83),GP greedy (exploit only),19,3,18,55.163,3.42,58.583,4.887
Scheffe fit to all 24,high (fitted 11.83),"GP-UCB, kappa 2 (batch)",19,0,6,54.585,3.998,58.583,
Scheffe fit to all 24,high (fitted 11.83),"GP-UCB, kappa 2 (batch)",19,1,10,57.301,1.282,58.583,
Scheffe fit to all 24,high (fitted 11.83),"GP-UCB, kappa 2 (batch)",19,2,14,57.301,1.282,58.583,
Scheffe fit to all 24,high (fitted 11.83),"GP-UCB, kappa 2 (batch)",19,3,18,57.301,1.282,58.583,5.988
Scheffe fit to all 24,high (fitted 11.83),GP-EI (batch),19,0,6,54.585,3.998,58.583,
Scheffe fit to all 24,high (fitted 11.83),GP-EI (batch),19,1,10,57.301,1.282,58.583,
Scheffe fit to all 24,high (fitted 11.83),GP-EI (batch),19,2,14,57.301,1.282,58.583,
Scheffe fit to all 24,high (fitted 11.83),GP-EI (batch),19,3,18,57.301,1.282,58.583,5.377
Scheffe fit to all 24,high (fitted 11.83),Four-role policy (deployed),19,0,6,54.585,3.998,58.583,
Scheffe fit to all 24,high (fitted 11.83),Four-role policy (deployed),19,1,10,56.449,2.135,58.583,
Scheffe fit to all 24,high (fitted 11.83),Four-role policy (deployed),19,2,14,56.449,2.135,58.583,
Scheffe fit to all 24,high (fitted 11.83),Four-role policy (deployed),19,3,18,56.624,1.959,58.583,2.54
Scheffe fit to all 24,high (fitted 11.83),Random (feasible),20,0,6,51.723,6.861,58.583,
Scheffe fit to all 24,high (fitted 11.83),Random (feasible),20,1,10,51.723,6.861,58.583,
Scheffe fit to all 24,high (fitted 11.83),Random (feasible),20,2,14,53.952,4.631,58.583,
Scheffe fit to all 24,high (fitted 11.83),Random (feasible),20,3,18,53.952,4.631,58.583,5.219
Scheffe fit to all 24,high (fitted 11.83),GP greedy (exploit only),20,0,6,51.723,6.861,58.583,
Scheffe fit to all 24,high (fitted 11.83),GP greedy (exploit only),20,1,10,52.542,6.042,58.583,
Scheffe fit to all 24,high (fitted 11.83),GP greedy (exploit only),20,2,14,54.688,3.896,58.583,
Scheffe fit to all 24,high (fitted 11.83),GP greedy (exploit only),20,3,18,55.258,3.326,58.583,6.409
Scheffe fit to all 24,high (fitted 11.83),"GP-UCB, kappa 2 (batch)",20,0,6,51.723,6.861,58.583,
Scheffe fit to all 24,high (fitted 11.83),"GP-UCB, kappa 2 (batch)",20,1,10,54.114,4.469,58.583,
Scheffe fit to all 24,high (fitted 11.83),"GP-UCB, kappa 2 (batch)",20,2,14,58.179,0.405,58.583,
Scheffe fit to all 24,high (fitted 11.83),"GP-UCB, kappa 2 (batch)",20,3,18,58.569,0.014,58.583,7.743
Scheffe fit to all 24,high (fitted 11.83),GP-EI (batch),20,0,6,51.723,6.861,58.583,
Scheffe fit to all 24,high (fitted 11.83),GP-EI (batch),20,1,10,52.542,6.042,58.583,
Scheffe fit to all 24,high (fitted 11.83),GP-EI (batch),20,2,14,58.569,0.014,58.583,
Scheffe fit to all 24,high (fitted 11.83),GP-EI (batch),20,3,18,58.569,0.014,58.583,0.014
Scheffe fit to all 24,high (fitted 11.83),Four-role policy (deployed),20,0,6,51.723,6.861,58.583,
Scheffe fit to all 24,high (fitted 11.83),Four-role policy (deployed),20,1,10,54.894,3.689,58.583,
Scheffe fit to all 24,high (fitted 11.83),Four-role policy (deployed),20,2,14,56.719,1.864,58.583,
Scheffe fit to all 24,high (fitted 11.83),Four-role policy (deployed),20,3,18,57.822,0.761,58.583,5.96
Scheffe fit to all 24,high (fitted 11.83),Random (feasible),21,0,6,56.63,1.954,58.583,
Scheffe fit to all 24,high (fitted 11.83),Random (feasible),21,1,10,56.822,1.761,58.583,
Scheffe fit to all 24,high (fitted 11.83),Random (feasible),21,2,14,57.041,1.543,58.583,
Scheffe fit to all 24,high (fitted 11.83),Random (feasible),21,3,18,57.041,1.543,58.583,8.582
Scheffe fit to all 24,high (fitted 11.83),GP greedy (exploit only),21,0,6,56.63,1.954,58.583,
Scheffe fit to all 24,high (fitted 11.83),GP greedy (exploit only),21,1,10,56.63,1.954,58.583,
Scheffe fit to all 24,high (fitted 11.83),GP greedy (exploit only),21,2,14,56.63,1.954,58.583,
Scheffe fit to all 24,high (fitted 11.83),GP greedy (exploit only),21,3,18,56.63,1.954,58.583,5.562
Scheffe fit to all 24,high (fitted 11.83),"GP-UCB, kappa 2 (batch)",21,0,6,56.63,1.954,58.583,
Scheffe fit to all 24,high (fitted 11.83),"GP-UCB, kappa 2 (batch)",21,1,10,56.63,1.954,58.583,
Scheffe fit to all 24,high (fitted 11.83),"GP-UCB, kappa 2 (batch)",21,2,14,56.63,1.954,58.583,
Scheffe fit to all 24,high (fitted 11.83),"GP-UCB, kappa 2 (batch)",21,3,18,56.63,1.954,58.583,6.794
Scheffe fit to all 24,high (fitted 11.83),GP-EI (batch),21,0,6,56.63,1.954,58.583,
Scheffe fit to all 24,high (fitted 11.83),GP-EI (batch),21,1,10,56.63,1.954,58.583,
Scheffe fit to all 24,high (fitted 11.83),GP-EI (batch),21,2,14,56.63,1.954,58.583,
Scheffe fit to all 24,high (fitted 11.83),GP-EI (batch),21,3,18,56.63,1.954,58.583,8.496
Scheffe fit to all 24,high (fitted 11.83),Four-role policy (deployed),21,0,6,56.63,1.954,58.583,
Scheffe fit to all 24,high (fitted 11.83),Four-role policy (deployed),21,1,10,56.63,1.954,58.583,
Scheffe fit to all 24,high (fitted 11.83),Four-role policy (deployed),21,2,14,56.63,1.954,58.583,
Scheffe fit to all 24,high (fitted 11.83),Four-role policy (deployed),21,3,18,56.63,1.954,58.583,7.884
Scheffe fit to all 24,high (fitted 11.83),Random (feasible),22,0,6,54.277,4.306,58.583,
Scheffe fit to all 24,high (fitted 11.83),Random (feasible),22,1,10,54.277,4.306,58.583,
Scheffe fit to all 24,high (fitted 11.83),Random (feasible),22,2,14,56.819,1.764,58.583,
Scheffe fit to all 24,high (fitted 11.83),Random (feasible),22,3,18,56.819,1.764,58.583,9.94
Scheffe fit to all 24,high (fitted 11.83),GP greedy (exploit only),22,0,6,54.277,4.306,58.583,
Scheffe fit to all 24,high (fitted 11.83),GP greedy (exploit only),22,1,10,54.277,4.306,58.583,
Scheffe fit to all 24,high (fitted 11.83),GP greedy (exploit only),22,2,14,54.277,4.306,58.583,
Scheffe fit to all 24,high (fitted 11.83),GP greedy (exploit only),22,3,18,54.277,4.306,58.583,10.745
Scheffe fit to all 24,high (fitted 11.83),"GP-UCB, kappa 2 (batch)",22,0,6,54.277,4.306,58.583,
Scheffe fit to all 24,high (fitted 11.83),"GP-UCB, kappa 2 (batch)",22,1,10,58.569,0.014,58.583,
Scheffe fit to all 24,high (fitted 11.83),"GP-UCB, kappa 2 (batch)",22,2,14,58.569,0.014,58.583,
Scheffe fit to all 24,high (fitted 11.83),"GP-UCB, kappa 2 (batch)",22,3,18,58.569,0.014,58.583,8.099
Scheffe fit to all 24,high (fitted 11.83),GP-EI (batch),22,0,6,54.277,4.306,58.583,
Scheffe fit to all 24,high (fitted 11.83),GP-EI (batch),22,1,10,54.277,4.306,58.583,
Scheffe fit to all 24,high (fitted 11.83),GP-EI (batch),22,2,14,54.277,4.306,58.583,
Scheffe fit to all 24,high (fitted 11.83),GP-EI (batch),22,3,18,54.277,4.306,58.583,10.608
Scheffe fit to all 24,high (fitted 11.83),Four-role policy (deployed),22,0,6,54.277,4.306,58.583,
Scheffe fit to all 24,high (fitted 11.83),Four-role policy (deployed),22,1,10,56.415,2.168,58.583,
Scheffe fit to all 24,high (fitted 11.83),Four-role policy (deployed),22,2,14,56.415,2.168,58.583,
Scheffe fit to all 24,high (fitted 11.83),Four-role policy (deployed),22,3,18,56.415,2.168,58.583,11.069
Scheffe fit to all 24,high (fitted 11.83),Random (feasible),23,0,6,51.07,7.513,58.583,
Scheffe fit to all 24,high (fitted 11.83),Random (feasible),23,1,10,57.182,1.401,58.583,
Scheffe fit to all 24,high (fitted 11.83),Random (feasible),23,2,14,57.182,1.401,58.583,
Scheffe fit to all 24,high (fitted 11.83),Random (feasible),23,3,18,57.182,1.401,58.583,9.518
Scheffe fit to all 24,high (fitted 11.83),GP greedy (exploit only),23,0,6,51.07,7.513,58.583,
Scheffe fit to all 24,high (fitted 11.83),GP greedy (exploit only),23,1,10,51.941,6.642,58.583,
Scheffe fit to all 24,high (fitted 11.83),GP greedy (exploit only),23,2,14,51.941,6.642,58.583,
Scheffe fit to all 24,high (fitted 11.83),GP greedy (exploit only),23,3,18,52.319,6.265,58.583,9.731
Scheffe fit to all 24,high (fitted 11.83),"GP-UCB, kappa 2 (batch)",23,0,6,51.07,7.513,58.583,
Scheffe fit to all 24,high (fitted 11.83),"GP-UCB, kappa 2 (batch)",23,1,10,53.906,4.678,58.583,
Scheffe fit to all 24,high (fitted 11.83),"GP-UCB, kappa 2 (batch)",23,2,14,53.906,4.678,58.583,
Scheffe fit to all 24,high (fitted 11.83),"GP-UCB, kappa 2 (batch)",23,3,18,57.54,1.044,58.583,8.946
Scheffe fit to all 24,high (fitted 11.83),GP-EI (batch),23,0,6,51.07,7.513,58.583,
Scheffe fit to all 24,high (fitted 11.83),GP-EI (batch),23,1,10,53.029,5.554,58.583,
Scheffe fit to all 24,high (fitted 11.83),GP-EI (batch),23,2,14,53.029,5.554,58.583,
Scheffe fit to all 24,high (fitted 11.83),GP-EI (batch),23,3,18,57.945,0.638,58.583,1.204
Scheffe fit to all 24,high (fitted 11.83),Four-role policy (deployed),23,0,6,51.07,7.513,58.583,
Scheffe fit to all 24,high (fitted 11.83),Four-role policy (deployed),23,1,10,55.885,2.698,58.583,
Scheffe fit to all 24,high (fitted 11.83),Four-role policy (deployed),23,2,14,55.885,2.698,58.583,
Scheffe fit to all 24,high (fitted 11.83),Four-role policy (deployed),23,3,18,55.885,2.698,58.583,5.006
Scheffe fit to all 24,high (fitted 11.83),Random (feasible),24,0,6,55.784,2.8,58.583,
Scheffe fit to all 24,high (fitted 11.83),Random (feasible),24,1,10,55.784,2.8,58.583,
Scheffe fit to all 24,high (fitted 11.83),Random (feasible),24,2,14,55.784,2.8,58.583,
Scheffe fit to all 24,high (fitted 11.83),Random (feasible),24,3,18,55.784,2.8,58.583,7.453
Scheffe fit to all 24,high (fitted 11.83),GP greedy (exploit only),24,0,6,55.784,2.8,58.583,
Scheffe fit to all 24,high (fitted 11.83),GP greedy (exploit only),24,1,10,55.784,2.8,58.583,
Scheffe fit to all 24,high (fitted 11.83),GP greedy (exploit only),24,2,14,55.784,2.8,58.583,
Scheffe fit to all 24,high (fitted 11.83),GP greedy (exploit only),24,3,18,55.784,2.8,58.583,7.453
Scheffe fit to all 24,high (fitted 11.83),"GP-UCB, kappa 2 (batch)",24,0,6,55.784,2.8,58.583,
Scheffe fit to all 24,high (fitted 11.83),"GP-UCB, kappa 2 (batch)",24,1,10,55.784,2.8,58.583,
Scheffe fit to all 24,high (fitted 11.83),"GP-UCB, kappa 2 (batch)",24,2,14,55.784,2.8,58.583,
Scheffe fit to all 24,high (fitted 11.83),"GP-UCB, kappa 2 (batch)",24,3,18,58.539,0.044,58.583,7.453
Scheffe fit to all 24,high (fitted 11.83),GP-EI (batch),24,0,6,55.784,2.8,58.583,
Scheffe fit to all 24,high (fitted 11.83),GP-EI (batch),24,1,10,55.784,2.8,58.583,
Scheffe fit to all 24,high (fitted 11.83),GP-EI (batch),24,2,14,55.784,2.8,58.583,
Scheffe fit to all 24,high (fitted 11.83),GP-EI (batch),24,3,18,55.784,2.8,58.583,7.453
Scheffe fit to all 24,high (fitted 11.83),Four-role policy (deployed),24,0,6,55.784,2.8,58.583,
Scheffe fit to all 24,high (fitted 11.83),Four-role policy (deployed),24,1,10,55.784,2.8,58.583,
Scheffe fit to all 24,high (fitted 11.83),Four-role policy (deployed),24,2,14,55.784,2.8,58.583,
Scheffe fit to all 24,high (fitted 11.83),Four-role policy (deployed),24,3,18,55.784,2.8,58.583,7.453
Scheffe fit to all 24,high (fitted 11.83),Random (feasible),25,0,6,58.366,0.217,58.583,
Scheffe fit to all 24,high (fitted 11.83),Random (feasible),25,1,10,58.366,0.217,58.583,
Scheffe fit to all 24,high (fitted 11.83),Random (feasible),25,2,14,58.366,0.217,58.583,
Scheffe fit to all 24,high (fitted 11.83),Random (feasible),25,3,18,58.366,0.217,58.583,5.395
Scheffe fit to all 24,high (fitted 11.83),GP greedy (exploit only),25,0,6,58.366,0.217,58.583,
Scheffe fit to all 24,high (fitted 11.83),GP greedy (exploit only),25,1,10,58.366,0.217,58.583,
Scheffe fit to all 24,high (fitted 11.83),GP greedy (exploit only),25,2,14,58.583,0.0,58.583,
Scheffe fit to all 24,high (fitted 11.83),GP greedy (exploit only),25,3,18,58.583,0.0,58.583,5.395
Scheffe fit to all 24,high (fitted 11.83),"GP-UCB, kappa 2 (batch)",25,0,6,58.366,0.217,58.583,
Scheffe fit to all 24,high (fitted 11.83),"GP-UCB, kappa 2 (batch)",25,1,10,58.366,0.217,58.583,
Scheffe fit to all 24,high (fitted 11.83),"GP-UCB, kappa 2 (batch)",25,2,14,58.366,0.217,58.583,
Scheffe fit to all 24,high (fitted 11.83),"GP-UCB, kappa 2 (batch)",25,3,18,58.583,0.0,58.583,5.395
Scheffe fit to all 24,high (fitted 11.83),GP-EI (batch),25,0,6,58.366,0.217,58.583,
Scheffe fit to all 24,high (fitted 11.83),GP-EI (batch),25,1,10,58.389,0.194,58.583,
Scheffe fit to all 24,high (fitted 11.83),GP-EI (batch),25,2,14,58.389,0.194,58.583,
Scheffe fit to all 24,high (fitted 11.83),GP-EI (batch),25,3,18,58.389,0.194,58.583,5.395
Scheffe fit to all 24,high (fitted 11.83),Four-role policy (deployed),25,0,6,58.366,0.217,58.583,
Scheffe fit to all 24,high (fitted 11.83),Four-role policy (deployed),25,1,10,58.366,0.217,58.583,
Scheffe fit to all 24,high (fitted 11.83),Four-role policy (deployed),25,2,14,58.568,0.015,58.583,
Scheffe fit to all 24,high (fitted 11.83),Four-role policy (deployed),25,3,18,58.568,0.015,58.583,5.395
Scheffe fit to all 24,high (fitted 11.83),Random (feasible),26,0,6,50.566,8.017,58.583,
Scheffe fit to all 24,high (fitted 11.83),Random (feasible),26,1,10,53.927,4.657,58.583,
Scheffe fit to all 24,high (fitted 11.83),Random (feasible),26,2,14,53.927,4.657,58.583,
Scheffe fit to all 24,high (fitted 11.83),Random (feasible),26,3,18,53.927,4.657,58.583,8.363
Scheffe fit to all 24,high (fitted 11.83),GP greedy (exploit only),26,0,6,50.566,8.017,58.583,
Scheffe fit to all 24,high (fitted 11.83),GP greedy (exploit only),26,1,10,52.487,6.097,58.583,
Scheffe fit to all 24,high (fitted 11.83),GP greedy (exploit only),26,2,14,52.487,6.097,58.583,
Scheffe fit to all 24,high (fitted 11.83),GP greedy (exploit only),26,3,18,52.487,6.097,58.583,8.363
Scheffe fit to all 24,high (fitted 11.83),"GP-UCB, kappa 2 (batch)",26,0,6,50.566,8.017,58.583,
Scheffe fit to all 24,high (fitted 11.83),"GP-UCB, kappa 2 (batch)",26,1,10,58.569,0.014,58.583,
Scheffe fit to all 24,high (fitted 11.83),"GP-UCB, kappa 2 (batch)",26,2,14,58.569,0.014,58.583,
Scheffe fit to all 24,high (fitted 11.83),"GP-UCB, kappa 2 (batch)",26,3,18,58.569,0.014,58.583,8.363
Scheffe fit to all 24,high (fitted 11.83),GP-EI (batch),26,0,6,50.566,8.017,58.583,
Scheffe fit to all 24,high (fitted 11.83),GP-EI (batch),26,1,10,56.119,2.464,58.583,
Scheffe fit to all 24,high (fitted 11.83),GP-EI (batch),26,2,14,56.119,2.464,58.583,
Scheffe fit to all 24,high (fitted 11.83),GP-EI (batch),26,3,18,56.119,2.464,58.583,8.363
Scheffe fit to all 24,high (fitted 11.83),Four-role policy (deployed),26,0,6,50.566,8.017,58.583,
Scheffe fit to all 24,high (fitted 11.83),Four-role policy (deployed),26,1,10,55.437,3.147,58.583,
Scheffe fit to all 24,high (fitted 11.83),Four-role policy (deployed),26,2,14,55.437,3.147,58.583,
Scheffe fit to all 24,high (fitted 11.83),Four-role policy (deployed),26,3,18,55.437,3.147,58.583,8.363
Scheffe fit to all 24,high (fitted 11.83),Random (feasible),27,0,6,57.587,0.996,58.583,
Scheffe fit to all 24,high (fitted 11.83),Random (feasible),27,1,10,57.587,0.996,58.583,
Scheffe fit to all 24,high (fitted 11.83),Random (feasible),27,2,14,58.31,0.274,58.583,
Scheffe fit to all 24,high (fitted 11.83),Random (feasible),27,3,18,58.31,0.274,58.583,0.996
Scheffe fit to all 24,high (fitted 11.83),GP greedy (exploit only),27,0,6,57.587,0.996,58.583,
Scheffe fit to all 24,high (fitted 11.83),GP greedy (exploit only),27,1,10,58.248,0.336,58.583,
Scheffe fit to all 24,high (fitted 11.83),GP greedy (exploit only),27,2,14,58.248,0.336,58.583,
Scheffe fit to all 24,high (fitted 11.83),GP greedy (exploit only),27,3,18,58.265,0.318,58.583,0.982
Scheffe fit to all 24,high (fitted 11.83),"GP-UCB, kappa 2 (batch)",27,0,6,57.587,0.996,58.583,
Scheffe fit to all 24,high (fitted 11.83),"GP-UCB, kappa 2 (batch)",27,1,10,58.248,0.336,58.583,
Scheffe fit to all 24,high (fitted 11.83),"GP-UCB, kappa 2 (batch)",27,2,14,58.248,0.336,58.583,
Scheffe fit to all 24,high (fitted 11.83),"GP-UCB, kappa 2 (batch)",27,3,18,58.248,0.336,58.583,0.818
Scheffe fit to all 24,high (fitted 11.83),GP-EI (batch),27,0,6,57.587,0.996,58.583,
Scheffe fit to all 24,high (fitted 11.83),GP-EI (batch),27,1,10,58.248,0.336,58.583,
Scheffe fit to all 24,high (fitted 11.83),GP-EI (batch),27,2,14,58.248,0.336,58.583,
Scheffe fit to all 24,high (fitted 11.83),GP-EI (batch),27,3,18,58.248,0.336,58.583,1.519
Scheffe fit to all 24,high (fitted 11.83),Four-role policy (deployed),27,0,6,57.587,0.996,58.583,
Scheffe fit to all 24,high (fitted 11.83),Four-role policy (deployed),27,1,10,58.248,0.336,58.583,
Scheffe fit to all 24,high (fitted 11.83),Four-role policy (deployed),27,2,14,58.248,0.336,58.583,
Scheffe fit to all 24,high (fitted 11.83),Four-role policy (deployed),27,3,18,58.569,0.014,58.583,0.753
Scheffe fit to all 24,high (fitted 11.83),Random (feasible),28,0,6,55.047,3.537,58.583,
Scheffe fit to all 24,high (fitted 11.83),Random (feasible),28,1,10,55.047,3.537,58.583,
Scheffe fit to all 24,high (fitted 11.83),Random (feasible),28,2,14,55.047,3.537,58.583,
Scheffe fit to all 24,high (fitted 11.83),Random (feasible),28,3,18,55.047,3.537,58.583,19.258
Scheffe fit to all 24,high (fitted 11.83),GP greedy (exploit only),28,0,6,55.047,3.537,58.583,
Scheffe fit to all 24,high (fitted 11.83),GP greedy (exploit only),28,1,10,55.047,3.537,58.583,
Scheffe fit to all 24,high (fitted 11.83),GP greedy (exploit only),28,2,14,55.942,2.642,58.583,
Scheffe fit to all 24,high (fitted 11.83),GP greedy (exploit only),28,3,18,55.942,2.642,58.583,2.736
Scheffe fit to all 24,high (fitted 11.83),"GP-UCB, kappa 2 (batch)",28,0,6,55.047,3.537,58.583,
Scheffe fit to all 24,high (fitted 11.83),"GP-UCB, kappa 2 (batch)",28,1,10,58.569,0.014,58.583,
Scheffe fit to all 24,high (fitted 11.83),"GP-UCB, kappa 2 (batch)",28,2,14,58.569,0.014,58.583,
Scheffe fit to all 24,high (fitted 11.83),"GP-UCB, kappa 2 (batch)",28,3,18,58.569,0.014,58.583,2.039
Scheffe fit to all 24,high (fitted 11.83),GP-EI (batch),28,0,6,55.047,3.537,58.583,
Scheffe fit to all 24,high (fitted 11.83),GP-EI (batch),28,1,10,56.756,1.828,58.583,
Scheffe fit to all 24,high (fitted 11.83),GP-EI (batch),28,2,14,56.868,1.715,58.583,
Scheffe fit to all 24,high (fitted 11.83),GP-EI (batch),28,3,18,56.868,1.715,58.583,2.48
Scheffe fit to all 24,high (fitted 11.83),Four-role policy (deployed),28,0,6,55.047,3.537,58.583,
Scheffe fit to all 24,high (fitted 11.83),Four-role policy (deployed),28,1,10,56.59,1.993,58.583,
Scheffe fit to all 24,high (fitted 11.83),Four-role policy (deployed),28,2,14,56.59,1.993,58.583,
Scheffe fit to all 24,high (fitted 11.83),Four-role policy (deployed),28,3,18,56.59,1.993,58.583,1.993
Scheffe fit to all 24,high (fitted 11.83),Random (feasible),29,0,6,57.112,1.471,58.583,
Scheffe fit to all 24,high (fitted 11.83),Random (feasible),29,1,10,57.112,1.471,58.583,
Scheffe fit to all 24,high (fitted 11.83),Random (feasible),29,2,14,57.112,1.471,58.583,
Scheffe fit to all 24,high (fitted 11.83),Random (feasible),29,3,18,57.112,1.471,58.583,14.353
Scheffe fit to all 24,high (fitted 11.83),GP greedy (exploit only),29,0,6,57.112,1.471,58.583,
Scheffe fit to all 24,high (fitted 11.83),GP greedy (exploit only),29,1,10,57.112,1.471,58.583,
Scheffe fit to all 24,high (fitted 11.83),GP greedy (exploit only),29,2,14,57.112,1.471,58.583,
Scheffe fit to all 24,high (fitted 11.83),GP greedy (exploit only),29,3,18,57.112,1.471,58.583,13.95
Scheffe fit to all 24,high (fitted 11.83),"GP-UCB, kappa 2 (batch)",29,0,6,57.112,1.471,58.583,
Scheffe fit to all 24,high (fitted 11.83),"GP-UCB, kappa 2 (batch)",29,1,10,57.112,1.471,58.583,
Scheffe fit to all 24,high (fitted 11.83),"GP-UCB, kappa 2 (batch)",29,2,14,57.112,1.471,58.583,
Scheffe fit to all 24,high (fitted 11.83),"GP-UCB, kappa 2 (batch)",29,3,18,57.112,1.471,58.583,8.949
Scheffe fit to all 24,high (fitted 11.83),GP-EI (batch),29,0,6,57.112,1.471,58.583,
Scheffe fit to all 24,high (fitted 11.83),GP-EI (batch),29,1,10,57.112,1.471,58.583,
Scheffe fit to all 24,high (fitted 11.83),GP-EI (batch),29,2,14,57.112,1.471,58.583,
Scheffe fit to all 24,high (fitted 11.83),GP-EI (batch),29,3,18,57.112,1.471,58.583,9.186
Scheffe fit to all 24,high (fitted 11.83),Four-role policy (deployed),29,0,6,57.112,1.471,58.583,
Scheffe fit to all 24,high (fitted 11.83),Four-role policy (deployed),29,1,10,57.112,1.471,58.583,
Scheffe fit to all 24,high (fitted 11.83),Four-role policy (deployed),29,2,14,57.112,1.471,58.583,
Scheffe fit to all 24,high (fitted 11.83),Four-role policy (deployed),29,3,18,57.112,1.471,58.583,3.416
